date,model_used,token_count,generation_time_seconds
2026-03-12,claude-sonnet-4-6,39923,255.0542209148407
2026-03-13,claude-sonnet-4-6,56257,296.00488114356995
2026-03-16,claude-sonnet-4-6,45683,272.17825984954834
2026-03-17,claude-sonnet-4-6,52741,297.053564786911
2026-03-18,claude-sonnet-4-6,50382,293.0215423107147
2026-03-19,claude-sonnet-4-6,45202,236.35013508796692
2026-03-20,claude-sonnet-4-6,46664,223.08974051475525
2026-03-23,claude-sonnet-4-6,52736,251.19711089134216
2026-03-24,claude-sonnet-4-6,51404,329.6027853488922
2026-03-25,claude-sonnet-4-6,53997,297.1974492073059
2026-03-26,claude-sonnet-4-6,55489,299.3873472213745
2026-03-27,claude-sonnet-4-6,56271,271.3451852798462
2026-03-30,claude-sonnet-4-6,58689,286.656042098999
2026-03-31,claude-sonnet-4-6,52721,263.3715891838074
2026-04-01,claude-sonnet-4-6,53569,276.9425127506256
2026-04-02,claude-sonnet-4-6,54851,289.14958810806274
2026-04-06,claude-sonnet-4-6,55177,254.90472388267517
2026-04-07,claude-sonnet-4-6,49815,251.2684988975525
2026-04-08,claude-sonnet-4-6,49466,255.24968099594116
2026-04-09,claude-sonnet-4-6,51366,254.68288207054138
2026-04-10,claude-sonnet-4-6,56399,291.9305896759033
2026-04-13,claude-sonnet-4-6,51435,266.2926297187805
2026-04-14,claude-sonnet-4-6,51283,205.7294328212738
2026-04-15,claude-sonnet-4-6,52203,237.56152200698853
2026-04-16,claude-sonnet-4-6,51705,240.18894600868225
2026-04-17,claude-sonnet-4-6,51412,226.24848651885986
2026-04-20,claude-sonnet-4-6,52984,238.01076984405518
2026-04-21,claude-sonnet-4-6,51261,217.44383263587952
2026-04-22,claude-sonnet-4-6,51865,247.281311750412
2026-04-23,claude-sonnet-4-6,53632,222.8626515865326
2026-04-24,claude-sonnet-4-6,55644,265.97229981422424
