date,ticker,last_price,rsi_14,sma_50,sma_200,chg_pct_5d,chg_pct_1mo,signal
2026-03-12,AMD,204.83,48.4,216.92,189.99,1.37,-5.17,CAUTION
2026-03-12,AMZN,212.65,46.9,224.25,224.64,-1.92,1.88,CAUTION
2026-03-12,ASML,1386.68,49.4,1357.58,1002.61,-0.91,-2.87,WATCH
2026-03-12,C6L.SI,6.67,46.7,6.62,6.56,-0.15,-1.91,WATCH
2026-03-12,CL=F,92.9,72.7,65.94,63.61,14.68,45.25,HOLD
2026-03-12,COHR,251.41,52.8,220.42,142.23,-8.53,3.69,WATCH
2026-03-12,D05.SI,55.19,38.2,57.6,51.72,0.13,-5.16,CAUTION
2026-03-12,DX-Y.NYB,99.47,63.9,98.07,98.39,0.15,2.76,WATCH
2026-03-12,GC=F,5161.5,55.0,4898.12,4017.85,1.9,3.15,BUY
2026-03-12,GOOG,308.42,47.0,319.48,255.48,1.71,-4.86,CAUTION
2026-03-12,INTC,47.98,55.9,45.66,33.31,5.27,-4.5,WATCH
2026-03-12,LITE,672.0,57.3,497.48,251.39,-1.29,16.43,WATCH
2026-03-12,MU,418.69,56.0,382.98,219.68,4.47,9.18,WATCH
2026-03-12,NVDA,186.03,51.4,185.7,176.89,1.64,-2.1,HOLD
2026-03-12,O39.SI,20.68,43.9,20.85,18.02,-0.77,-3.27,CAUTION
2026-03-12,PLTR,151.6,54.4,155.06,162.52,-1.04,6.08,HOLD
2026-03-12,QQQ,607.69,48.8,614.32,589.33,-0.5,-1.08,CAUTION
2026-03-12,SPY,676.33,42.8,687.31,655.57,-1.28,-2.54,CAUTION
2026-03-12,U11.SI,36.17,41.0,37.22,35.41,0.44,-6.54,CAUTION
2026-03-12,VUAA.L,130.28,44.0,132.53,126.61,-1.48,-2.78,CAUTION
2026-03-12,XLE,56.98,67.3,51.39,45.28,1.41,6.23,WATCH
2026-03-12,Z74.SI,4.97,54.0,4.74,4.31,0.2,3.97,WATCH
2026-03-12,^TNX,4.21,61.5,4.16,4.2,3.14,0.24,WATCH
2026-03-12,^VIX,24.23,56.8,18.48,17.5,14.56,39.57,WATCH
2026-03-13,AMD,197.74,44.2,216.56,190.42,-0.86,-7.41,CAUTION
2026-03-13,AMZN,209.53,43.3,223.8,224.69,-4.3,1.24,CAUTION
2026-03-13,ASML,1351.58,45.5,1363.32,1005.73,-1.23,-4.39,CAUTION
2026-03-13,C6L.SI,6.54,41.1,6.62,6.56,-1.65,-3.82,CAUTION
2026-03-13,CL=F,93.74,71.1,66.72,63.78,3.12,45.04,HOLD
2026-03-13,COHR,241.27,49.5,221.47,143.05,-4.96,5.65,WATCH
2026-03-13,D05.SI,55.31,38.9,57.58,51.78,0.56,-4.31,CAUTION
2026-03-13,DX-Y.NYB,100.04,68.2,98.11,98.39,1.06,3.31,CAUTION
2026-03-13,GC=F,5117.2,52.8,4912.15,4026.74,-0.56,0.9,BUY
2026-03-13,GOOG,303.21,42.0,319.27,256.15,0.84,-4.77,CAUTION
2026-03-13,INTC,45.25,48.7,45.84,33.44,-1.52,-3.99,CAUTION
2026-03-13,LITE,616.09,51.1,502.35,254.09,-5.34,9.79,CAUTION
2026-03-13,MU,405.35,52.1,385.2,221.24,2.09,8.6,WATCH
2026-03-13,NVDA,183.14,48.2,185.6,177.15,-0.1,-2.86,CAUTION
2026-03-13,O39.SI,20.63,43.0,20.87,18.04,-0.91,-3.24,CAUTION
2026-03-13,PLTR,153.5,56.2,154.45,162.67,0.54,10.03,HOLD
2026-03-13,QQQ,597.26,41.9,613.85,589.78,-1.91,-2.32,CAUTION
2026-03-13,SPY,666.06,35.7,686.88,656.03,-2.24,-3.77,CAUTION
2026-03-13,U11.SI,36.16,41.1,37.24,35.42,0.25,-7.09,CAUTION
2026-03-13,VUAA.L,129.1,40.1,132.42,126.77,-0.66,-2.29,CAUTION
2026-03-13,XLE,57.51,69.5,51.65,45.37,1.82,7.33,CAUTION
2026-03-13,Z74.SI,4.96,53.3,4.75,4.32,-0.8,2.9,WATCH
2026-03-13,^TNX,4.25,63.4,4.16,4.2,2.81,1.85,WATCH
2026-03-13,^VIX,25.64,57.9,18.97,17.56,-13.06,45.27,CAUTION
2026-03-16,AMD,193.39,41.8,216.13,190.82,0.5,-9.45,CAUTION
2026-03-16,AMZN,207.67,41.3,223.31,224.7,-2.6,1.76,CAUTION
2026-03-16,ASML,1345.69,44.9,1368.82,1008.7,4.09,-6.26,CAUTION
2026-03-16,C6L.SI,6.53,40.7,6.62,6.55,0.62,-4.67,CAUTION
2026-03-16,CL=F,98.95,76.1,67.65,63.99,4.41,57.46,HOLD
2026-03-16,COHR,242.76,50.0,222.58,143.85,2.99,8.53,WATCH
2026-03-16,D05.SI,55.6,42.0,57.56,51.84,2.38,-3.3,CAUTION
2026-03-16,DX-Y.NYB,98.78,57.4,98.03,98.38,0.01,2.02,WATCH
2026-03-16,GC=F,5016.1,48.1,4924.67,4034.91,-1.48,1.88,WATCH
2026-03-16,GOOG,301.46,40.5,319.01,256.79,1.13,-3.1,CAUTION
2026-03-16,INTC,45.77,50.0,46.01,33.56,5.41,-5.22,CAUTION
2026-03-16,LITE,622.5,51.8,507.38,256.81,11.47,8.43,CAUTION
2026-03-16,MU,426.13,57.1,387.87,222.89,15.08,3.85,BUY
2026-03-16,NVDA,180.25,45.2,185.45,177.37,1.37,-5.15,CAUTION
2026-03-16,O39.SI,20.7,44.6,20.89,18.07,1.17,-3.04,CAUTION
2026-03-16,PLTR,150.95,53.2,153.85,162.81,-3.95,11.25,HOLD
2026-03-16,QQQ,593.72,39.8,613.33,590.15,-1.01,-3.16,CAUTION
2026-03-16,SPY,662.29,33.5,686.38,656.41,-1.5,-4.29,CAUTION
2026-03-16,U11.SI,36.15,41.0,37.26,35.43,1.8,-7.07,CAUTION
2026-03-16,VUAA.L,128.06,37.1,132.4,126.77,-1.46,-3.07,CAUTION
2026-03-16,XLE,57.7,70.2,51.9,45.45,2.0,4.95,HOLD
2026-03-16,Z74.SI,5.02,56.7,4.76,4.32,1.41,0.8,CAUTION
2026-03-16,^TNX,4.28,67.9,4.16,4.2,3.68,2.71,CAUTION
2026-03-16,^VIX,27.19,61.7,19.0,17.57,-7.8,54.05,CAUTION
2026-03-17,AMD,196.58,44.2,215.77,191.24,-3.01,-4.55,CAUTION
2026-03-17,AMZN,211.74,47.1,222.92,224.73,-0.82,6.08,CAUTION
2026-03-17,ASML,1375.56,48.8,1374.96,1011.86,1.34,-2.23,HOLD
2026-03-17,C6L.SI,6.57,42.8,6.63,6.55,1.23,-4.09,CAUTION
2026-03-17,CL=F,97.71,70.6,68.35,64.15,17.09,55.37,HOLD
2026-03-17,COHR,247.37,51.6,223.84,144.7,-1.96,14.47,CAUTION
2026-03-17,D05.SI,56.89,52.8,57.59,51.85,4.75,-1.06,HOLD
2026-03-17,GC=F,5014.9,48.2,4938.23,4043.43,-4.11,-0.14,WATCH
2026-03-17,GOOG,304.42,44.2,318.83,257.45,-0.52,-1.53,CAUTION
2026-03-17,INTC,45.76,50.0,46.18,33.69,0.39,-1.55,CAUTION
2026-03-17,LITE,624.84,52.0,512.5,259.54,-2.47,7.09,CAUTION
2026-03-17,MU,441.8,60.4,391.0,224.62,13.48,6.72,BUY
2026-03-17,NVDA,183.22,48.8,185.39,177.61,0.32,-1.98,CAUTION
2026-03-17,O39.SI,21.02,51.0,20.89,18.07,2.74,-1.55,WATCH
2026-03-17,PLTR,152.72,55.0,153.35,162.95,-2.37,18.27,HOLD
2026-03-17,QQQ,600.38,45.3,613.05,590.57,-1.21,-0.04,CAUTION
2026-03-17,SPY,669.03,40.6,686.12,656.84,-1.36,-1.8,CAUTION
2026-03-17,U11.SI,36.76,48.6,37.27,35.43,3.52,-5.5,CAUTION
2026-03-17,VUAA.L,128.74,40.3,132.31,126.85,-0.48,-2.38,CAUTION
2026-03-17,XLE,57.9,71.1,52.16,45.54,2.81,7.26,HOLD
2026-03-17,Z74.SI,5.13,61.8,4.76,4.32,3.64,3.01,CAUTION
2026-03-17,^TNX,4.22,58.5,4.16,4.19,2.03,2.83,WATCH
2026-03-17,^VIX,23.51,52.9,19.17,17.59,-7.8,12.92,CAUTION
2026-03-18,AMD,196.31,44.0,215.23,191.65,-3.41,-5.31,CAUTION
2026-03-18,AMZN,215.2,51.4,222.7,224.78,0.41,8.25,HOLD
2026-03-18,ASML,1389.16,50.5,1379.5,1015.09,0.42,-1.24,WATCH
2026-03-18,C6L.SI,6.67,48.6,6.63,6.55,0.0,-4.17,WATCH
2026-03-18,CL=F,93.82,68.1,68.27,64.13,12.43,49.18,CAUTION
2026-03-18,COHR,245.8,51.0,224.87,145.53,-5.69,13.15,WATCH
2026-03-18,D05.SI,57.54,57.7,57.6,51.98,3.27,0.84,HOLD
2026-03-18,DX-Y.NYB,99.58,60.0,98.17,98.39,0.76,2.79,WATCH
2026-03-18,GC=F,5004.2,47.6,4938.02,4043.38,-4.31,-0.35,WATCH
2026-03-18,GOOG,309.41,49.9,318.71,258.13,0.81,1.18,CAUTION
2026-03-18,INTC,44.06,45.5,46.28,33.81,-5.81,-5.83,CAUTION
2026-03-18,LITE,649.56,54.7,517.77,262.41,-3.34,15.43,BUY
2026-03-18,MU,461.69,64.2,393.92,226.44,14.53,12.15,BUY
2026-03-18,NVDA,181.93,47.3,185.25,177.83,-1.53,-0.48,CAUTION
2026-03-18,O39.SI,21.34,56.9,20.94,18.12,2.3,1.09,WATCH
2026-03-18,PLTR,155.08,57.4,153.1,163.12,2.61,18.01,WATCH
2026-03-18,QQQ,603.31,47.6,612.86,591.0,-0.73,0.23,CAUTION
2026-03-18,SPY,670.79,42.3,685.88,657.27,-0.94,-1.61,CAUTION
2026-03-18,U11.SI,37.07,52.5,37.33,35.45,2.72,-3.64,HOLD
2026-03-18,VUAA.L,129.46,43.6,132.24,126.93,-1.49,-1.49,CAUTION
2026-03-18,XLE,58.51,73.5,52.42,45.64,5.23,7.65,HOLD
2026-03-18,Z74.SI,5.17,63.8,4.78,4.34,3.61,5.3,CAUTION
2026-03-18,^TNX,4.2,56.1,4.16,4.19,1.6,3.6,WATCH
2026-03-18,^VIX,22.37,50.4,19.33,17.61,-10.27,8.59,CAUTION
2026-03-19,AMD,199.46,46.5,214.8,192.1,-2.62,-1.78,CAUTION
2026-03-19,AMZN,209.87,45.3,222.23,224.8,-1.31,4.34,CAUTION
2026-03-19,ASML,1355.17,46.3,1382.08,1018.21,-2.27,-4.55,CAUTION
2026-03-19,C6L.SI,6.61,45.7,6.63,6.55,-0.9,-5.57,HOLD
2026-03-19,CL=F,96.57,69.9,69.86,64.48,0.88,48.14,HOLD
2026-03-19,COHR,257.21,55.0,226.29,146.44,2.31,16.93,CAUTION
2026-03-19,D05.SI,57.46,56.4,57.59,52.05,3.77,1.0,HOLD
2026-03-19,DX-Y.NYB,100.21,64.9,98.24,98.41,0.48,2.57,WATCH
2026-03-19,GC=F,4758.2,37.5,4952.54,4058.0,-6.99,-4.58,CAUTION
2026-03-19,GOOG,306.3,46.7,318.5,258.8,-0.69,1.22,CAUTION
2026-03-19,INTC,45.03,48.3,46.39,33.94,-6.15,-2.49,CAUTION
2026-03-19,LITE,700.81,59.7,524.65,265.56,4.29,16.72,HOLD
2026-03-19,MU,461.73,64.3,396.92,228.28,10.28,15.5,CAUTION
2026-03-19,NVDA,180.4,45.6,185.09,178.05,-3.03,-2.47,CAUTION
2026-03-19,O39.SI,21.48,59.0,20.97,18.15,3.52,1.75,WATCH
2026-03-19,PLTR,152.77,54.3,152.67,163.22,0.77,14.85,HOLD
2026-03-19,QQQ,594.9,42.2,612.4,591.39,-2.1,-1.06,CAUTION
2026-03-19,SPY,661.43,36.3,685.35,657.66,-2.2,-3.14,CAUTION
2026-03-19,U11.SI,37.19,53.7,37.36,35.47,2.62,-3.13,HOLD
2026-03-19,VUAA.L,128.48,40.3,132.14,127.0,-1.38,-2.31,CAUTION
2026-03-19,XLE,58.43,72.6,52.65,45.73,2.54,8.71,HOLD
2026-03-19,Z74.SI,5.12,60.1,4.79,4.34,2.61,5.79,CAUTION
2026-03-19,^TNX,4.26,61.4,4.16,4.19,1.21,5.11,WATCH
2026-03-19,^VIX,25.09,55.7,19.53,17.64,3.55,23.66,HOLD
2026-03-20,AMD,205.27,50.9,214.62,192.55,3.81,2.57,CAUTION
2026-03-20,AMZN,208.76,44.1,221.59,224.81,-0.37,1.94,CAUTION
2026-03-20,ASML,1366.39,47.8,1384.59,1021.33,1.1,-6.97,CAUTION
2026-03-20,C6L.SI,6.59,44.9,6.64,6.55,0.76,-5.59,CAUTION
2026-03-20,CL=F,93.15,64.8,69.8,64.46,-2.7,42.89,CAUTION
2026-03-20,COHR,275.57,60.5,227.92,147.43,14.22,23.08,CAUTION
2026-03-20,D05.SI,57.52,56.9,57.58,52.12,4.0,-0.17,HOLD
2026-03-20,DX-Y.NYB,99.37,55.6,98.22,98.4,-0.37,1.71,WATCH
2026-03-20,GC=F,4684.7,35.2,4951.07,4057.63,-8.43,-6.05,CAUTION
2026-03-20,GOOG,305.73,46.1,318.32,259.48,0.83,0.66,CAUTION
2026-03-20,INTC,46.18,51.5,46.51,34.07,2.06,1.58,HOLD
2026-03-20,LITE,772.13,65.4,532.14,269.04,25.33,29.93,CAUTION
2026-03-20,MU,444.27,58.5,398.93,230.01,9.6,5.54,HOLD
2026-03-20,NVDA,178.56,43.6,184.92,178.26,-2.5,-5.01,CAUTION
2026-03-20,O39.SI,21.47,58.6,21.0,18.18,4.07,-0.56,WATCH
2026-03-20,PLTR,155.68,57.4,152.19,163.34,1.42,14.99,WATCH
2026-03-20,QQQ,593.02,41.1,611.79,591.74,-0.71,-2.11,CAUTION
2026-03-20,SOXX,340.2,49.1,344.13,285.95,3.1,-4.89,CAUTION
2026-03-20,SPY,659.8,35.3,684.71,658.02,-0.94,-3.86,CAUTION
2026-03-20,U11.SI,37.12,52.8,37.38,35.48,2.65,-3.98,HOLD
2026-03-20,VUAA.L,126.8,35.4,132.02,127.06,-1.78,-4.49,CAUTION
2026-03-20,XLE,59.36,76.1,52.93,45.82,3.22,8.36,HOLD
2026-03-20,Z74.SI,5.17,62.8,4.81,4.35,4.23,3.82,CAUTION
2026-03-20,^TNX,4.28,63.2,4.17,4.19,0.19,4.95,WATCH
2026-03-20,^VIX,24.06,53.4,19.72,17.67,-11.84,22.63,CAUTION
2026-03-23,AMD,201.33,48.0,214.44,192.97,4.11,-1.0,CAUTION
2026-03-23,AMZN,205.37,40.6,220.87,224.81,-1.11,0.25,CAUTION
2026-03-23,ASML,1317.25,42.2,1386.4,1024.2,-2.11,-9.71,CAUTION
2026-03-23,C6L.SI,6.52,41.7,6.64,6.55,-0.31,-5.51,CAUTION
2026-03-23,CL=F,98.53,71.2,71.52,64.83,5.38,48.41,HOLD
2026-03-23,COHR,253.63,52.2,229.16,148.3,4.48,9.1,CAUTION
2026-03-23,D05.SI,56.65,49.5,57.56,52.18,1.2,-2.31,CAUTION
2026-03-23,DX-Y.NYB,99.61,57.2,98.25,98.41,-0.1,1.85,WATCH
2026-03-23,GC=F,4411.6,28.1,4951.05,4068.5,-11.66,-12.8,HOLD
2026-03-23,GOOG,298.79,39.6,317.86,260.14,-0.89,-1.5,CAUTION
2026-03-23,INTC,43.87,45.4,46.54,34.19,-4.15,-1.68,CAUTION
2026-03-23,LITE,706.35,57.3,538.41,272.18,13.47,11.12,CAUTION
2026-03-23,MU,422.88,52.3,400.6,231.62,-0.76,1.33,BUY
2026-03-23,NVDA,172.93,38.0,184.6,178.42,-4.06,-7.96,CAUTION
2026-03-23,O39.SI,21.08,50.4,21.01,18.2,1.59,-2.95,HOLD
2026-03-23,PLTR,150.68,51.0,151.57,163.43,-0.18,11.71,CAUTION
2026-03-23,QQQ,582.06,35.2,610.95,592.03,-1.96,-3.55,CAUTION
2026-03-23,SOXX,332.51,44.4,344.28,286.56,0.42,-6.5,CAUTION
2026-03-23,SPY,648.57,30.4,682.06,656.52,-1.8,-4.99,CAUTION
2026-03-23,U11.SI,36.45,44.7,37.39,35.5,0.28,-5.57,CAUTION
2026-03-23,VUAA.L,126.16,33.7,131.87,127.12,-1.48,-4.51,CAUTION
2026-03-23,XLE,59.31,75.5,53.21,45.92,2.79,7.48,HOLD
2026-03-23,Z74.SI,5.03,52.4,4.82,4.36,-0.2,-0.2,WATCH
2026-03-23,^TNX,4.39,70.7,4.17,4.19,2.47,7.75,HOLD
2026-03-23,^VIX,26.78,58.3,19.95,17.71,-1.51,32.38,CAUTION
2026-03-24,AMD,202.68,49.1,214.4,193.39,3.1,1.26,CAUTION
2026-03-24,AMZN,210.14,47.0,220.14,224.83,-0.76,0.01,CAUTION
2026-03-24,ASML,1369.62,49.1,1389.94,1027.35,-0.43,-6.8,CAUTION
2026-03-24,C6L.SI,6.5,41.1,6.64,6.55,-1.37,-6.61,CAUTION
2026-03-24,CL=F,91.63,59.3,71.96,64.91,-4.76,38.18,CAUTION
2026-03-24,COHR,255.05,52.7,230.79,149.16,3.1,2.77,CAUTION
2026-03-24,D05.SI,56.38,47.6,57.53,52.24,-1.23,-3.04,CAUTION
2026-03-24,DX-Y.NYB,99.41,54.6,98.25,98.41,-0.17,1.75,WATCH
2026-03-24,GC=F,4336.4,26.5,4947.82,4073.53,-13.29,-16.68,HOLD
2026-03-24,GOOG,299.02,39.9,317.32,260.79,-1.77,-4.98,CAUTION
2026-03-24,INTC,44.01,45.9,46.59,34.31,-3.82,-0.23,CAUTION
2026-03-24,LITE,728.95,59.2,546.02,275.43,16.66,9.16,CAUTION
2026-03-24,MU,404.35,47.6,402.15,233.12,-8.48,-5.56,WATCH
2026-03-24,NVDA,175.64,42.0,184.4,178.59,-4.14,-7.47,CAUTION
2026-03-24,O39.SI,21.01,49.2,21.04,18.23,-0.43,-3.14,HOLD
2026-03-24,PLTR,160.84,60.6,151.25,163.58,5.32,18.93,CAUTION
2026-03-24,QQQ,588.0,40.2,610.3,592.33,-2.06,-3.42,CAUTION
2026-03-24,SOXX,336.59,47.3,344.63,287.16,-0.31,-6.3,CAUTION
2026-03-24,SPY,655.38,37.2,681.42,656.85,-1.77,-4.68,CAUTION
2026-03-24,U11.SI,36.25,42.7,37.39,35.51,-1.71,-6.57,CAUTION
2026-03-24,VUAA.L,126.84,37.2,131.73,127.18,-1.48,-4.27,CAUTION
2026-03-24,XLE,59.63,76.7,53.47,46.02,2.99,8.66,HOLD
2026-03-24,Z74.SI,4.97,49.5,4.83,4.36,-3.87,-1.0,WATCH
2026-03-24,^TNX,4.33,63.5,4.17,4.19,2.7,6.07,WATCH
2026-03-24,^VIX,26.15,56.8,20.16,17.76,11.23,36.98,CAUTION
2026-03-25,AMD,205.37,51.2,214.45,193.84,4.62,4.46,HOLD
2026-03-25,AMZN,207.24,43.9,219.34,224.82,-3.7,0.96,CAUTION
2026-03-25,ASML,1399.42,52.6,1392.48,1030.63,0.74,-5.83,WATCH
2026-03-25,C6L.SI,6.51,41.7,6.64,6.55,-1.21,-6.47,CAUTION
2026-03-25,CL=F,87.63,55.5,71.88,64.89,-8.92,32.15,CAUTION
2026-03-25,COHR,272.33,57.9,232.68,150.13,10.79,9.42,HOLD
2026-03-25,D05.SI,56.63,49.5,57.54,52.24,-0.79,-2.61,CAUTION
2026-03-25,DX-Y.NYB,99.16,52.6,98.24,98.41,-0.42,1.5,WATCH
2026-03-25,GC=F,4545.0,35.5,4951.99,4074.57,-9.12,-12.68,CAUTION
2026-03-25,GOOG,289.2,32.4,316.53,261.39,-6.53,-7.15,CAUTION
2026-03-25,INTC,44.06,46.0,46.57,34.43,0.0,0.99,CAUTION
2026-03-25,LITE,801.99,64.6,555.04,279.03,23.47,18.86,CAUTION
2026-03-25,MU,395.53,45.6,403.16,234.57,-14.33,-6.04,CAUTION
2026-03-25,NVDA,175.2,41.5,184.21,178.76,-3.7,-8.53,CAUTION
2026-03-25,O39.SI,21.16,51.9,21.04,18.23,0.28,-2.44,WATCH
2026-03-25,PLTR,154.78,53.9,150.79,163.76,-0.19,18.51,BUY
2026-03-25,QQQ,583.98,38.1,609.45,592.64,-3.2,-2.9,CAUTION
2026-03-25,SOXX,341.02,50.3,344.87,287.79,0.23,-4.37,HOLD
2026-03-25,SPY,653.18,36.0,680.64,657.19,-2.36,-4.02,CAUTION
2026-03-25,U11.SI,36.36,43.8,37.39,35.51,-1.41,-6.29,CAUTION
2026-03-25,VUAA.L,126.7,36.7,131.59,127.24,-2.13,-3.77,CAUTION
2026-03-25,XLE,60.84,80.5,53.76,46.12,3.98,10.32,HOLD
2026-03-25,Z74.SI,4.92,47.0,4.83,4.36,-4.84,-1.99,WATCH
2026-03-25,^TNX,4.39,67.2,4.18,4.19,4.52,9.01,CAUTION
2026-03-25,^VIX,26.95,58.2,20.41,17.8,20.47,28.27,CAUTION
2026-03-26,AMD,220.27,60.9,214.7,194.36,10.43,3.01,BUY
2026-03-26,AMZN,211.71,49.4,218.65,224.81,0.88,1.51,CAUTION
2026-03-26,ASML,1393.89,51.9,1394.77,1033.86,2.86,-6.94,HOLD
2026-03-26,C6L.SI,6.62,48.1,6.65,6.55,0.46,-7.67,HOLD
2026-03-26,CL=F,91.67,59.0,72.62,65.05,-4.83,39.68,CAUTION
2026-03-26,COHR,272.04,57.8,234.42,151.09,5.77,6.74,HOLD
2026-03-26,D05.SI,57.37,55.1,57.5,52.38,-0.17,-0.55,HOLD
2026-03-26,DX-Y.NYB,99.59,56.0,98.26,98.41,-0.5,1.75,WATCH
2026-03-26,GC=F,4512.1,34.4,4947.23,4079.75,-7.73,-12.48,CAUTION
2026-03-26,GOOG,289.59,33.0,315.67,261.97,-5.46,-6.79,CAUTION
2026-03-26,INTC,47.18,54.9,46.63,34.56,4.77,2.3,BUY
2026-03-26,LITE,777.17,61.6,563.78,282.51,10.9,12.92,CAUTION
2026-03-26,MU,382.09,42.5,403.88,235.94,-17.25,-8.59,CAUTION
2026-03-26,NVDA,178.68,46.4,184.09,178.95,-0.95,-7.34,CAUTION
2026-03-26,O39.SI,21.6,59.2,21.1,18.29,0.47,0.93,WATCH
2026-03-26,PLTR,154.96,54.0,150.31,163.89,1.43,20.27,WATCH
2026-03-26,QQQ,587.82,41.3,608.66,592.94,-1.19,-3.3,CAUTION
2026-03-26,SOXX,345.25,53.1,345.18,288.44,2.06,-4.58,HOLD
2026-03-26,SPY,656.82,39.5,679.91,657.51,-0.43,-4.18,CAUTION
2026-03-26,U11.SI,36.87,50.6,37.42,35.53,-0.78,-0.3,HOLD
2026-03-26,VUAA.L,127.18,39.3,131.47,127.29,-1.01,-3.77,CAUTION
2026-03-26,XLE,60.57,77.5,54.04,46.22,3.66,9.93,HOLD
2026-03-26,Z74.SI,4.99,50.8,4.85,4.38,-3.11,-1.77,WATCH
2026-03-26,^TNX,4.33,60.0,4.18,4.19,1.62,7.31,WATCH
2026-03-26,^VIX,25.33,54.2,20.61,17.84,0.96,29.57,CAUTION
2026-03-27,AMD,203.77,49.2,214.35,194.77,-0.73,-3.36,CAUTION
2026-03-27,AMZN,207.54,44.9,217.95,224.77,-0.58,-1.47,CAUTION
2026-03-27,ASML,1329.5,44.4,1395.99,1036.68,-2.7,-12.91,CAUTION
2026-03-27,C6L.SI,6.64,49.5,6.65,6.55,0.61,-6.87,HOLD
2026-03-27,CL=F,93.07,59.8,73.23,65.18,-3.19,42.27,CAUTION
2026-03-27,COHR,243.29,47.7,235.48,151.9,-11.71,-9.19,WATCH
2026-03-27,D05.SI,57.16,53.5,57.47,52.45,-0.42,0.0,HOLD
2026-03-27,DX-Y.NYB,99.86,58.1,98.28,98.41,0.64,2.21,WATCH
2026-03-27,GC=F,4421.3,32.8,4944.63,4085.44,-3.9,-15.08,CAUTION
2026-03-27,GOOG,280.74,27.6,314.56,262.48,-8.17,-10.25,HOLD
2026-03-27,INTC,44.1,46.7,46.56,34.68,-4.5,-5.93,CAUTION
2026-03-27,LITE,688.8,52.3,570.33,285.54,-10.79,-4.78,CAUTION
2026-03-27,MU,355.46,37.2,404.23,237.16,-19.99,-17.14,CAUTION
2026-03-27,NVDA,171.24,38.9,183.79,179.09,-4.1,-12.43,CAUTION
2026-03-27,O39.SI,21.6,59.3,21.13,18.32,1.08,1.22,WATCH
2026-03-27,PLTR,147.56,46.7,149.68,163.97,-5.22,9.96,CAUTION
2026-03-27,QQQ,573.79,34.3,607.61,593.16,-3.24,-6.95,CAUTION
2026-03-27,SOXX,328.85,43.1,345.09,288.98,-3.34,-10.58,CAUTION
2026-03-27,SPY,645.09,33.2,678.97,657.77,-1.96,-6.68,CAUTION
2026-03-27,U11.SI,36.68,48.2,37.42,35.55,-1.34,-0.22,CAUTION
2026-03-27,VUAA.L,125.54,34.2,131.31,127.35,-0.99,-5.85,CAUTION
2026-03-27,XLE,61.52,80.3,54.33,46.32,3.64,12.12,HOLD
2026-03-27,Z74.SI,5.0,51.5,4.86,4.38,-4.03,0.0,WATCH
2026-03-27,^TNX,4.42,65.4,4.19,4.19,3.15,9.09,CAUTION
2026-03-27,^VIX,27.44,58.2,20.84,17.89,14.05,53.04,CAUTION
2026-03-30,AMD,201.99,48.2,213.92,195.16,0.33,-0.83,CAUTION
2026-03-30,AMZN,199.34,37.8,217.2,224.68,-2.94,-4.13,CAUTION
2026-03-30,ASML,1302.47,41.7,1396.8,1039.28,-1.12,-11.02,CAUTION
2026-03-30,C6L.SI,6.66,50.5,6.65,6.55,0.91,-6.59,WATCH
2026-03-30,CL=F,101.41,66.3,74.85,65.51,15.07,51.31,CAUTION
2026-03-30,COHR,243.48,47.7,236.67,152.71,-4.0,-2.66,WATCH
2026-03-30,D05.SI,57.15,53.4,57.47,52.45,-0.44,-0.02,HOLD
2026-03-30,DX-Y.NYB,100.18,60.5,98.31,98.43,1.24,2.63,WATCH
2026-03-30,GC=F,4472.5,36.9,4938.15,4096.52,1.55,-14.49,CAUTION
2026-03-30,GOOG,273.76,24.2,313.31,262.96,-8.38,-10.81,HOLD
2026-03-30,INTC,43.13,44.5,46.45,34.79,-1.69,-5.13,CAUTION
2026-03-30,LITE,702.73,53.5,577.75,288.64,-0.51,3.8,CAUTION
2026-03-30,MU,357.22,37.7,404.7,238.38,-15.53,-14.04,CAUTION
2026-03-30,NVDA,167.52,35.8,183.48,179.21,-3.0,-9.39,CAUTION
2026-03-30,O39.SI,21.57,58.8,21.13,18.31,0.94,1.08,WATCH
2026-03-30,PLTR,143.06,42.8,148.97,164.02,-5.06,5.24,CAUTION
2026-03-30,QQQ,562.58,29.9,606.47,593.31,-3.35,-7.66,HOLD
2026-03-30,SOXX,323.48,40.4,344.93,289.47,-2.72,-9.28,CAUTION
2026-03-30,SPY,634.09,28.5,677.89,657.96,-2.23,-7.76,HOLD
2026-03-30,U11.SI,36.85,50.5,37.42,35.55,-0.89,0.24,HOLD
2026-03-30,VUAA.L,123.52,29.2,131.1,127.39,-2.09,-6.97,HOLD
2026-03-30,XLE,62.56,82.8,54.62,46.43,5.48,13.64,HOLD
2026-03-30,Z74.SI,4.99,51.0,4.86,4.38,-4.22,-0.2,WATCH
2026-03-30,^TNX,4.44,66.8,4.19,4.19,1.12,10.53,CAUTION
2026-03-30,^VIX,31.05,64.0,21.13,17.96,15.94,66.67,CAUTION
2026-03-31,AMD,196.04,44.7,213.28,195.54,-3.28,-2.08,CAUTION
2026-03-31,AMZN,200.95,39.8,216.45,224.61,-4.37,-4.31,CAUTION
2026-03-31,ASML,1253.96,37.3,1395.28,1041.66,-8.44,-13.55,CAUTION
2026-03-31,C6L.SI,6.59,46.8,6.66,6.55,1.23,-3.65,CAUTION
2026-03-31,CL=F,102.13,66.8,74.87,65.52,15.89,52.39,CAUTION
2026-03-31,COHR,219.65,40.8,237.14,153.4,-13.88,-15.17,CAUTION
2026-03-31,D05.SI,57.12,53.1,57.39,52.59,0.87,2.68,HOLD
2026-03-31,DX-Y.NYB,100.41,62.3,98.32,98.43,1.48,2.87,WATCH
2026-03-31,GC=F,4611.9,42.9,4940.94,4097.22,4.72,-11.83,CAUTION
2026-03-31,GOOG,273.14,24.0,312.12,263.43,-8.65,-12.23,HOLD
2026-03-31,INTC,41.19,40.3,46.31,34.89,-6.41,-9.69,CAUTION
2026-03-31,LITE,654.79,49.0,583.98,291.5,-10.17,-6.58,CAUTION
2026-03-31,MU,321.8,31.6,404.41,239.41,-20.42,-21.96,CAUTION
2026-03-31,NVDA,165.17,34.0,183.05,179.32,-5.96,-6.78,CAUTION
2026-03-31,O39.SI,21.93,64.5,21.18,18.38,3.64,4.78,WATCH
2026-03-31,PLTR,137.55,38.7,148.18,164.03,-14.48,0.26,CAUTION
2026-03-31,QQQ,558.28,28.4,605.2,593.45,-5.05,-8.07,HOLD
2026-03-31,SOXX,309.79,34.5,344.38,289.89,-7.96,-12.01,CAUTION
2026-03-31,SPY,631.97,27.7,676.72,658.15,-3.57,-7.62,HOLD
2026-03-31,U11.SI,36.66,48.1,37.42,35.57,0.83,0.99,CAUTION
2026-03-31,VUAA.L,123.32,29.2,131.1,127.39,-2.25,-7.12,HOLD
2026-03-31,XLE,61.96,76.7,54.91,46.53,3.91,10.8,HOLD
2026-03-31,Z74.SI,4.97,49.6,4.88,4.39,1.02,1.22,WATCH
2026-03-31,^TNX,4.34,57.1,4.2,4.19,0.18,9.59,WATCH
2026-03-31,^VIX,30.61,62.9,21.42,18.03,17.06,54.13,CAUTION
2026-04-01,AMD,203.43,49.6,212.72,195.96,-0.94,2.42,CAUTION
2026-04-01,AMZN,208.27,48.1,215.84,224.59,0.5,-0.06,CAUTION
2026-04-01,ASML,1320.83,45.8,1394.56,1044.35,-5.62,-7.22,CAUTION
2026-04-01,C6L.SI,6.67,51.5,6.67,6.55,0.76,-1.62,HOLD
2026-04-01,CL=F,102.97,67.3,75.75,65.67,11.5,44.56,CAUTION
2026-04-01,COHR,238.21,47.2,238.09,154.18,-12.53,-20.31,HOLD
2026-04-01,D05.SI,57.59,57.1,57.37,52.66,0.72,3.58,HOLD
2026-04-01,DX-Y.NYB,99.76,54.8,98.33,98.44,0.33,1.4,WATCH
2026-04-01,GC=F,4713.6,47.2,4941.72,4103.2,7.14,-10.97,CAUTION
2026-04-01,GOOG,286.86,40.3,311.25,263.98,-0.81,-6.3,CAUTION
2026-04-01,INTC,44.13,48.2,46.25,35.0,0.16,-3.01,CAUTION
2026-04-01,LITE,702.76,53.3,591.55,294.59,-12.37,-10.28,CAUTION
2026-04-01,MU,337.84,36.6,403.75,240.42,-14.55,-18.1,CAUTION
2026-04-01,NVDA,174.4,45.8,182.81,179.47,-0.46,-4.42,CAUTION
2026-04-01,O39.SI,22.48,71.1,21.23,18.41,5.1,6.49,HOLD
2026-04-01,PLTR,146.28,47.4,147.69,164.08,-5.49,0.76,CAUTION
2026-04-01,QQQ,577.18,42.4,603.66,592.96,-1.16,-4.96,CAUTION
2026-04-01,SOXX,328.66,46.2,344.11,290.41,-3.62,-6.59,CAUTION
2026-04-01,SPY,650.34,42.8,675.93,658.41,-0.43,-4.99,CAUTION
2026-04-01,U11.SI,36.98,52.6,37.42,35.59,1.07,1.76,HOLD
2026-04-01,VUAA.L,123.94,28.8,130.93,127.43,-2.29,-6.36,HOLD
2026-04-01,XLE,61.26,71.0,54.88,46.33,0.69,8.1,HOLD
2026-04-01,Z74.SI,5.02,52.6,4.89,4.4,1.01,0.4,WATCH
2026-04-01,^TNX,4.31,54.4,4.2,4.19,-1.84,6.5,WATCH
2026-04-01,^VIX,25.25,50.9,21.61,18.07,-6.31,17.77,CAUTION
2026-04-02,AMD,210.21,53.6,212.28,196.43,-4.57,10.09,CAUTION
2026-04-02,AMZN,210.57,50.4,215.43,224.58,-0.54,0.88,HOLD
2026-04-02,ASML,1359.76,50.0,1395.27,1047.37,-2.45,-0.09,HOLD
2026-04-02,C6L.SI,6.64,49.7,6.67,6.55,0.76,0.0,HOLD
2026-04-02,CL=F,104.19,67.2,76.6,65.83,15.36,39.74,CAUTION
2026-04-02,COHR,247.8,50.2,239.17,155.04,-8.91,-11.76,WATCH
2026-04-02,D05.SI,57.59,57.1,57.36,52.73,0.82,4.71,HOLD
2026-04-02,DX-Y.NYB,99.9,56.1,98.36,98.45,0.3,0.86,WATCH
2026-04-02,GC=F,4720.0,47.7,4939.61,4109.49,3.74,-7.59,CAUTION
2026-04-02,GOOG,294.9,47.4,310.71,264.58,1.83,-2.78,CAUTION
2026-04-02,INTC,48.03,56.5,46.24,35.14,1.8,11.44,BUY
2026-04-02,LITE,764.65,58.1,599.71,298.0,-1.61,10.11,CAUTION
2026-04-02,MU,367.85,44.8,403.81,241.68,-3.69,-3.08,CAUTION
2026-04-02,NVDA,175.75,47.3,182.76,179.64,-1.64,-2.38,CAUTION
2026-04-02,O39.SI,22.37,67.4,21.27,18.44,3.95,7.03,CAUTION
2026-04-02,PLTR,146.49,47.6,147.25,164.13,-5.47,-0.5,CAUTION
2026-04-02,QQQ,584.31,46.5,603.2,593.26,-0.6,-2.75,CAUTION
2026-04-02,SOXX,338.54,51.1,344.14,291.0,-1.94,1.19,CAUTION
2026-04-02,SPY,655.24,46.0,675.52,658.74,-0.24,-3.42,CAUTION
2026-04-02,U11.SI,36.79,49.8,37.43,35.61,0.3,2.68,CAUTION
2026-04-02,VUAA.L,127.04,32.3,130.77,127.47,0.27,-3.64,CAUTION
2026-04-02,XLE,58.97,55.0,55.11,46.42,-2.64,5.02,BUY
2026-04-02,Z74.SI,5.0,51.3,4.9,4.41,1.01,2.04,WATCH
2026-04-02,^TNX,4.32,55.0,4.2,4.19,-0.21,6.48,WATCH
2026-04-02,^VIX,24.54,49.6,21.7,18.08,-3.12,4.12,CAUTION
2026-04-06,AMD,217.5,57.6,211.64,196.89,6.74,7.64,WATCH
2026-04-06,AMZN,209.77,49.6,215.0,224.55,1.07,-3.25,CAUTION
2026-04-06,ASML,1317.23,45.8,1394.45,1050.1,-0.92,-5.87,CAUTION
2026-04-06,C6L.SI,6.6,47.2,6.68,6.55,-0.9,-1.2,CAUTION
2026-04-06,CL=F,110.61,69.9,78.56,66.17,11.01,36.54,CAUTION
2026-04-06,COHR,258.16,53.3,240.31,155.92,6.11,-6.08,WATCH
2026-04-06,D05.SI,57.7,58.1,57.35,52.81,0.96,4.68,WATCH
2026-04-06,DX-Y.NYB,100.03,56.8,98.41,98.46,-0.12,0.71,WATCH
2026-04-06,GC=F,4687.8,46.9,4932.85,4122.62,4.36,-7.45,CAUTION
2026-04-06,GOOG,294.46,47.1,310.04,265.16,4.89,-2.89,CAUTION
2026-04-06,INTC,50.38,60.6,46.16,35.29,14.24,10.53,CAUTION
2026-04-06,LITE,826.88,62.4,609.0,301.71,20.05,21.46,CAUTION
2026-04-06,MU,366.24,44.4,403.35,242.91,3.08,-8.58,CAUTION
2026-04-06,NVDA,177.39,49.1,182.64,179.8,3.59,-3.08,CAUTION
2026-04-06,O39.SI,22.4,67.9,21.31,18.48,3.85,7.49,CAUTION
2026-04-06,PLTR,148.46,49.5,146.91,164.16,0.61,-3.09,WATCH
2026-04-06,QQQ,584.98,46.9,602.59,593.52,1.95,-4.1,CAUTION
2026-04-06,SOXX,339.61,51.6,343.97,291.57,3.27,-0.5,HOLD
2026-04-06,SPY,655.83,46.4,674.97,659.04,1.66,-4.02,CAUTION
2026-04-06,U11.SI,36.89,51.2,37.43,35.62,0.11,2.44,HOLD
2026-04-06,VUAA.L,126.62,44.9,130.55,127.6,0.86,-4.25,CAUTION
2026-04-06,XLE,59.25,56.3,55.33,46.5,-3.69,6.13,CAUTION
2026-04-06,Z74.SI,5.03,53.0,4.91,4.41,0.8,1.41,WATCH
2026-04-06,^TNX,4.31,54.4,4.2,4.19,-2.33,5.71,WATCH
2026-04-06,^VIX,23.87,48.3,21.84,18.11,-13.01,12.86,WATCH
2026-04-07,AMD,220.18,59.0,210.97,197.35,9.01,10.39,WATCH
2026-04-07,AMZN,212.79,52.8,214.57,224.54,6.75,-2.81,HOLD
2026-04-07,ASML,1304.01,44.5,1392.66,1052.84,0.12,-4.7,CAUTION
2026-04-07,C6L.SI,6.55,44.2,6.68,6.56,-0.76,-1.5,CAUTION
2026-04-07,CL=F,115.25,73.3,79.68,66.38,12.02,26.79,HOLD
2026-04-07,COHR,253.22,51.7,241.32,156.79,4.0,-0.26,WATCH
2026-04-07,D05.SI,57.51,56.0,57.34,52.88,0.95,4.56,HOLD
2026-04-07,DX-Y.NYB,100.03,56.7,98.46,98.47,-0.48,1.05,WATCH
2026-04-07,GC=F,4678.2,46.6,4926.27,4129.01,3.36,-9.09,CAUTION
2026-04-07,GOOG,297.66,49.9,309.38,265.77,8.73,-1.01,CAUTION
2026-04-07,INTC,50.78,61.3,46.09,35.44,17.74,10.51,HOLD
2026-04-07,LITE,772.28,56.9,617.35,305.14,9.9,18.66,CAUTION
2026-04-07,MU,377.76,47.4,402.96,244.2,5.79,-4.82,CAUTION
2026-04-07,NVDA,177.64,49.4,182.5,179.97,6.04,-3.1,CAUTION
2026-04-07,O39.SI,22.41,67.5,21.34,18.51,3.61,7.64,CAUTION
2026-04-07,PLTR,147.93,49.0,146.55,164.21,3.4,-3.1,WATCH
2026-04-07,QQQ,588.5,49.0,601.96,593.83,4.61,-3.23,CAUTION
2026-04-07,SOXX,344.1,53.8,343.89,292.16,6.37,1.94,HOLD
2026-04-07,SPY,658.93,48.5,674.4,659.38,3.92,-3.02,CAUTION
2026-04-07,U11.SI,36.88,51.0,37.42,35.64,0.93,2.25,HOLD
2026-04-07,VUAA.L,126.62,44.9,130.55,127.6,0.86,-4.25,CAUTION
2026-04-07,XLE,59.68,58.3,55.55,46.58,-4.6,6.36,CAUTION
2026-04-07,Z74.SI,5.02,52.4,4.92,4.42,0.2,0.4,WATCH
2026-04-07,^TNX,4.34,56.2,4.2,4.19,-2.36,4.56,WATCH
2026-04-07,^VIX,24.17,48.9,22.01,18.12,-22.16,1.77,WATCH
2026-04-08,AMD,221.53,59.0,210.97,197.35,9.67,11.07,CAUTION
2026-04-08,AMZN,213.77,52.8,214.57,224.54,7.24,-2.36,HOLD
2026-04-08,ASML,1306.45,44.5,1392.66,1052.84,0.31,-4.52,CAUTION
2026-04-08,C6L.SI,6.79,58.1,6.69,6.56,2.88,4.62,BUY
2026-04-08,CL=F,94.72,51.0,80.32,66.5,-6.57,-0.05,CAUTION
2026-04-08,COHR,255.1,51.7,241.32,156.79,4.77,0.48,WATCH
2026-04-08,D05.SI,57.4,62.1,56.52,52.21,2.32,7.2,WATCH
2026-04-08,DX-Y.NYB,98.69,44.3,98.43,98.46,-1.81,-0.3,HOLD
2026-04-08,GC=F,4862.0,54.0,4921.49,4136.33,4.61,-4.51,CAUTION
2026-04-08,GOOG,303.93,49.9,309.38,265.77,11.02,1.07,CAUTION
2026-04-08,INTC,52.91,61.3,46.09,35.44,22.68,15.15,HOLD
2026-04-08,LITE,815.75,56.9,617.35,305.14,16.08,25.34,CAUTION
2026-04-08,MU,377.58,47.4,402.96,244.2,5.74,-4.86,CAUTION
2026-04-08,NVDA,178.1,49.4,182.5,179.97,6.32,-2.85,CAUTION
2026-04-08,O39.SI,22.44,66.7,21.36,18.55,2.14,9.68,CAUTION
2026-04-08,PLTR,150.07,49.0,146.55,164.21,4.9,-1.7,WATCH
2026-04-08,QQQ,588.59,49.0,601.96,593.83,4.62,-3.22,CAUTION
2026-04-08,SOXX,347.76,53.8,343.89,292.16,7.51,3.02,WATCH
2026-04-08,SPY,659.22,48.5,674.4,659.38,3.96,-2.98,CAUTION
2026-04-08,U11.SI,37.37,57.9,37.37,35.65,1.96,5.24,HOLD
2026-04-08,VUAA.L,126.34,44.0,130.41,127.66,2.28,-3.69,CAUTION
2026-04-08,XLE,60.16,58.3,55.55,46.58,-3.84,7.21,CAUTION
2026-04-08,Z74.SI,4.99,50.5,4.93,4.43,1.01,0.81,WATCH
2026-04-08,^TNX,4.34,56.2,4.2,4.19,-2.18,4.75,WATCH
2026-04-08,^VIX,25.78,48.9,22.01,18.12,-16.97,8.55,CAUTION
2026-04-09,AMD,231.82,64.7,209.81,198.35,13.96,14.38,HOLD
2026-04-09,AMZN,221.25,60.7,213.72,224.6,6.23,3.63,BUY
2026-04-09,ASML,1421.05,56.7,1391.24,1058.93,7.59,4.69,BUY
2026-04-09,C6L.SI,6.66,50.7,6.69,6.56,0.0,0.15,HOLD
2026-04-09,CL=F,97.03,52.9,80.36,66.51,-4.29,2.38,CAUTION
2026-04-09,COHR,281.79,59.9,244.16,158.66,18.29,11.68,HOLD
2026-04-09,D05.SI,57.18,59.7,56.51,52.28,0.76,4.22,WATCH
2026-04-09,DX-Y.NYB,99.03,46.6,98.49,98.47,-0.93,-0.15,WATCH
2026-04-09,GC=F,4755.4,50.0,4919.36,4135.8,2.32,-6.6,CAUTION
2026-04-09,GOOG,314.74,61.8,308.52,267.16,9.72,2.85,WATCH
2026-04-09,INTC,58.95,72.2,46.58,35.79,33.58,29.33,HOLD
2026-04-09,LITE,896.02,64.8,638.16,312.81,27.5,39.85,CAUTION
2026-04-09,MU,406.73,54.5,402.88,246.9,20.39,4.52,WATCH
2026-04-09,NVDA,182.08,54.6,182.22,180.32,4.4,-0.31,HOLD
2026-04-09,O39.SI,22.2,62.0,21.39,18.58,-1.55,6.07,WATCH
2026-04-09,PLTR,140.76,42.6,145.62,164.28,-3.77,-10.02,CAUTION
2026-04-09,QQQ,606.09,58.4,600.92,594.55,5.01,-0.15,WATCH
2026-04-09,SOXX,370.4,64.6,344.5,293.51,12.7,10.18,CAUTION
2026-04-09,SPY,676.01,58.9,673.54,660.16,3.95,-0.06,WATCH
2026-04-09,U11.SI,37.27,56.4,37.35,35.67,0.65,2.81,HOLD
2026-04-09,VUAA.L,130.34,44.0,130.41,127.66,5.52,-0.64,HOLD
2026-04-09,XLE,58.05,48.5,55.96,46.75,-5.24,3.75,WATCH
2026-04-09,Z74.SI,4.95,48.0,4.94,4.43,-1.59,-1.39,HOLD
2026-04-09,^TNX,4.29,51.5,4.21,4.19,-0.46,3.75,WATCH
2026-04-09,^VIX,21.04,43.2,22.3,18.15,-16.67,-17.49,CAUTION
2026-04-10,AMD,236.64,66.8,209.5,198.88,12.57,16.44,HOLD
2026-04-10,AMZN,233.65,69.0,213.5,224.73,10.96,9.01,CAUTION
2026-04-10,ASML,1448.64,59.0,1391.16,1062.3,6.54,4.72,WATCH
2026-04-10,CL=F,98.37,53.9,81.72,66.83,-11.81,12.74,CAUTION
2026-04-10,COHR,284.17,60.5,245.56,159.68,14.68,9.03,HOLD
2026-04-10,D05.SI,57.28,60.7,56.49,52.36,0.95,4.27,WATCH
2026-04-10,DX-Y.NYB,98.91,45.6,98.59,98.47,-1.12,-0.32,HOLD
2026-04-10,GC=F,4783.0,51.1,4903.12,4150.42,2.83,-7.44,CAUTION
2026-04-10,GOOG,316.37,62.7,308.15,267.91,7.28,3.08,WATCH
2026-04-10,INTC,61.72,74.8,46.94,35.99,28.5,31.94,HOLD
2026-04-10,LITE,894.13,64.6,648.63,316.83,16.93,33.06,CAUTION
2026-04-10,MSFT,373.07,40.0,395.82,473.17,1.0,-8.06,CAUTION
2026-04-10,MU,421.51,57.6,403.11,248.4,14.59,4.61,WATCH
2026-04-10,NVDA,183.91,56.6,182.13,180.52,4.64,-0.46,WATCH
2026-04-10,O39.SI,22.45,65.6,21.41,18.61,0.31,7.62,CAUTION
2026-04-10,PLTR,130.49,35.6,144.92,164.23,-10.92,-13.66,CAUTION
2026-04-10,QQQ,610.19,60.3,600.52,594.96,4.43,0.52,WATCH
2026-04-10,SOXX,378.63,67.2,345.06,294.27,11.84,11.82,CAUTION
2026-04-10,SPY,679.91,60.8,673.27,660.58,3.77,0.68,WATCH
2026-04-10,TSM,365.49,60.7,349.35,291.83,7.03,5.6,WATCH
2026-04-10,U11.SI,37.26,56.2,37.33,35.68,0.95,3.24,HOLD
2026-04-10,WRD,7.59,54.1,7.25,8.8,-3.8,12.28,WATCH
2026-04-10,^TNX,4.29,51.6,4.21,4.19,-0.6,3.8,WATCH
2026-04-10,^VIX,19.49,40.7,22.36,18.15,-20.58,-21.82,CAUTION
2026-04-13,AMD,245.04,70.1,209.35,199.41,12.66,19.63,HOLD
2026-04-13,AMZN,238.38,71.5,213.4,224.86,13.64,12.1,HOLD
2026-04-13,ASML,1478.28,61.4,1392.3,1065.64,12.23,6.61,CAUTION
2026-04-13,AVGO,371.55,71.0,326.12,328.94,18.12,9.01,HOLD
2026-04-13,CL=F,104.91,58.6,82.48,67.02,-6.67,9.59,CAUTION
2026-04-13,D05.SI,57.31,60.7,56.46,52.43,0.87,4.98,WATCH
2026-04-13,DX-Y.NYB,99.03,47.4,98.64,98.48,-0.95,-0.71,HOLD
2026-04-13,GC=F,4738.5,49.1,4891.1,4157.34,1.75,-7.38,CAUTION
2026-04-13,GOOG,315.72,62.1,307.75,268.65,7.22,2.37,WATCH
2026-04-13,INTC,62.38,75.4,47.21,36.19,23.82,30.01,HOLD
2026-04-13,LITE,897.3,64.8,658.87,320.86,8.52,33.53,CAUTION
2026-04-13,MSFT,370.87,38.4,393.62,472.59,-0.69,-8.4,CAUTION
2026-04-13,MU,420.59,57.4,402.81,249.86,14.84,0.5,WATCH
2026-04-13,NVDA,188.63,61.4,182.07,180.72,6.34,1.4,BUY
2026-04-13,O39.SI,22.45,65.3,21.43,18.64,0.04,8.19,CAUTION
2026-04-13,PLTR,128.06,34.1,144.33,164.16,-13.74,-15.53,CAUTION
2026-04-13,QQQ,611.07,60.7,600.09,595.32,4.46,0.68,WATCH
2026-04-13,SOXX,386.6,69.6,345.58,295.03,13.84,13.08,HOLD
2026-04-13,SPY,679.46,60.5,672.99,660.97,3.6,0.74,WATCH
2026-04-13,TSM,370.6,62.7,349.93,292.59,9.31,4.82,CAUTION
2026-04-13,U11.SI,37.18,54.2,37.3,35.69,0.76,2.59,HOLD
2026-04-13,WRD,7.5,52.6,7.23,8.8,-3.97,9.97,WATCH
2026-04-13,^TNX,4.32,54.0,4.21,4.19,0.09,2.59,WATCH
2026-04-13,^VIX,19.23,40.2,22.42,18.16,-19.44,-20.64,CAUTION
2026-04-14,AMD,246.83,70.8,209.24,199.93,12.1,24.83,HOLD
2026-04-14,AMZN,239.89,72.2,213.37,225.0,12.74,14.49,HOLD
2026-04-14,ASML,1500.2,63.1,1393.24,1069.09,15.05,11.0,CAUTION
2026-04-14,AVGO,379.75,73.1,327.11,329.52,20.77,13.27,HOLD
2026-04-14,CL=F,96.9,52.6,82.32,66.98,-13.8,1.22,CAUTION
2026-04-14,D05.SI,57.67,64.2,56.44,52.5,1.78,5.76,WATCH
2026-04-14,DX-Y.NYB,98.41,41.0,98.63,98.48,-1.57,-1.34,HOLD
2026-04-14,GC=F,4791.0,51.5,4892.15,4157.6,2.88,-6.35,CAUTION
2026-04-14,GOOG,319.21,64.2,307.36,269.39,7.24,5.28,WATCH
2026-04-14,INTC,65.18,77.8,47.54,36.41,28.36,44.04,HOLD
2026-04-14,LITE,871.18,61.8,668.67,324.75,12.81,41.4,CAUTION
2026-04-14,MSFT,384.37,51.5,392.66,472.06,3.08,-4.35,CAUTION
2026-04-14,MU,426.56,58.7,402.63,251.36,12.92,5.28,CAUTION
2026-04-14,NVDA,189.31,62.0,182.01,180.9,6.57,3.37,WATCH
2026-04-14,O39.SI,22.7,68.9,21.46,18.68,1.79,10.03,CAUTION
2026-04-14,PLTR,132.37,38.9,143.94,164.11,-10.52,-13.77,CAUTION
2026-04-14,QQQ,617.39,63.5,599.87,595.71,4.91,3.5,WATCH
2026-04-14,SOXX,393.34,71.4,346.23,295.82,14.31,19.2,HOLD
2026-04-14,SPY,686.1,63.8,672.87,661.39,4.12,3.29,WATCH
2026-04-14,TSM,369.57,62.0,350.55,293.33,8.14,10.07,CAUTION
2026-04-14,U11.SI,37.49,59.7,37.28,35.71,1.68,3.68,WATCH
2026-04-14,WRD,7.6,54.1,7.21,8.8,-0.78,11.44,WATCH
2026-04-14,^TNX,4.3,51.7,4.21,4.19,-0.88,0.56,WATCH
2026-04-14,^VIX,19.12,40.1,22.47,18.17,-20.89,-29.94,CAUTION
2026-04-15,AMD,255.07,73.7,209.61,200.49,15.14,31.89,HOLD
2026-04-15,AMZN,249.02,76.3,213.56,225.16,16.49,19.91,HOLD
2026-04-15,ASML,1518.3,64.5,1395.19,1072.71,16.22,12.83,CAUTION
2026-04-15,AVGO,380.78,73.3,328.12,330.08,14.02,18.44,HOLD
2026-04-15,CL=F,91.23,47.4,83.46,67.25,-3.37,-2.43,WATCH
2026-04-15,D05.SI,57.52,62.3,56.42,52.57,0.38,4.22,WATCH
2026-04-15,DX-Y.NYB,98.12,38.6,98.66,98.49,-1.02,-1.59,CAUTION
2026-04-15,GC=F,4846.6,54.1,4897.88,4172.88,2.04,-2.95,CAUTION
2026-04-15,GOOG,330.58,70.2,307.21,270.17,8.77,9.66,HOLD
2026-04-15,INTC,63.81,74.0,47.88,36.61,20.6,39.41,HOLD
2026-04-15,LITE,852.79,59.6,677.89,328.55,4.54,36.99,CAUTION
2026-04-15,MSFT,393.11,57.8,391.94,471.56,5.59,-0.62,WATCH
2026-04-15,MU,465.66,66.1,403.65,253.06,23.33,9.32,HOLD
2026-04-15,NVDA,196.51,68.1,182.12,181.11,10.34,9.02,CAUTION
2026-04-15,O39.SI,22.92,71.5,21.5,18.71,2.69,10.46,HOLD
2026-04-15,PLTR,135.7,42.3,143.73,164.06,-9.58,-10.1,CAUTION
2026-04-15,QQQ,628.6,68.0,600.02,596.13,6.8,6.01,CAUTION
2026-04-15,SOXX,401.24,73.5,347.34,296.64,15.38,21.18,HOLD
2026-04-15,SPY,694.46,67.6,672.95,661.83,5.35,5.14,CAUTION
2026-04-15,TSM,379.89,66.0,351.56,294.12,10.01,12.61,CAUTION
2026-04-15,U11.SI,37.63,61.7,37.27,35.72,0.83,3.52,WATCH
2026-04-15,WRD,7.9,58.2,7.21,8.8,5.76,18.8,CAUTION
2026-04-15,^TNX,4.26,47.4,4.21,4.19,-2.0,-0.68,WATCH
2026-04-15,^VIX,18.36,38.7,22.49,18.18,-28.78,-32.48,CAUTION
2026-04-16,AMD,258.12,74.8,209.85,201.06,11.35,31.31,HOLD
2026-04-16,AMZN,248.5,75.6,213.67,225.28,12.32,17.36,HOLD
2026-04-16,ASML,1481.77,59.6,1396.03,1076.17,4.27,7.72,CAUTION
2026-04-16,AVGO,396.72,77.0,329.44,330.73,13.14,22.35,HOLD
2026-04-16,CL=F,91.2,47.3,83.46,67.25,-3.4,-2.46,WATCH
2026-04-16,D05.SI,57.37,59.1,56.41,52.65,0.3,1.94,WATCH
2026-04-16,DX-Y.NYB,98.02,37.7,98.66,98.48,-1.12,-1.69,CAUTION
2026-04-16,GC=F,4844.5,54.1,4897.84,4172.87,2.0,-2.99,CAUTION
2026-04-16,GOOG,334.47,71.9,307.0,270.96,6.27,9.87,HOLD
2026-04-16,INTC,64.94,75.1,48.21,36.82,10.16,41.91,HOLD
2026-04-16,LITE,824.01,56.4,685.9,332.19,-8.04,31.88,CAUTION
2026-04-16,MSFT,411.22,67.3,391.71,471.15,9.85,2.82,CAUTION
2026-04-16,MU,456.23,63.2,404.03,254.72,12.17,3.31,HOLD
2026-04-16,NVDA,198.87,69.8,182.38,181.31,9.22,8.54,CAUTION
2026-04-16,O39.SI,22.78,68.0,21.53,18.75,2.66,7.96,CAUTION
2026-04-16,PLTR,142.15,48.4,143.61,164.12,0.99,-6.92,CAUTION
2026-04-16,QQQ,637.4,71.0,600.26,596.59,5.17,6.3,HOLD
2026-04-16,SOXX,401.86,73.6,348.32,297.46,8.49,19.03,HOLD
2026-04-16,SPY,699.94,69.8,673.08,662.28,3.54,4.91,CAUTION
2026-04-16,TSM,375.1,62.7,352.25,294.87,2.51,10.56,CAUTION
2026-04-16,U11.SI,37.49,58.7,37.25,35.73,0.51,1.65,WATCH
2026-04-16,WRD,8.1,60.8,7.22,8.8,3.98,23.1,HOLD
2026-04-16,^TNX,4.28,50.2,4.21,4.19,-0.21,1.47,WATCH
2026-04-16,^VIX,18.17,38.3,22.52,18.19,-13.64,-22.71,CAUTION
2026-04-17,AMD,278.26,80.2,210.57,201.74,17.59,41.75,HOLD
2026-04-17,AMZN,249.7,76.2,213.89,225.43,6.87,16.03,HOLD
2026-04-17,ASML,1410.83,51.5,1396.37,1079.24,-2.61,1.56,BUY
2026-04-17,AVGO,398.47,77.4,331.02,331.35,12.27,24.27,HOLD
2026-04-17,CL=F,89.98,46.3,84.0,67.37,-8.06,-6.48,WATCH
2026-04-17,D05.SI,57.29,57.9,56.39,52.72,-0.1,0.6,WATCH
2026-04-17,DX-Y.NYB,98.26,40.8,98.68,98.49,-0.57,-1.33,HOLD
2026-04-17,GC=F,4809.9,52.3,4895.07,4180.01,0.37,-3.82,CAUTION
2026-04-17,GOOG,332.77,70.0,306.85,271.74,5.18,7.55,HOLD
2026-04-17,INTC,68.5,78.2,48.59,37.05,10.99,55.47,HOLD
2026-04-17,LITE,891.22,61.7,695.02,336.17,-0.33,37.2,CAUTION
2026-04-17,MSFT,420.26,70.8,391.91,470.78,12.65,5.22,HOLD
2026-04-17,MU,457.23,63.4,404.78,256.39,8.47,-0.92,HOLD
2026-04-17,NVDA,198.35,68.9,182.74,181.52,7.85,9.03,CAUTION
2026-04-17,O39.SI,22.78,66.5,21.56,18.78,1.38,6.2,CAUTION
2026-04-17,PLTR,142.76,48.9,143.31,164.15,9.4,-7.94,HOLD
2026-04-17,QQQ,640.47,72.0,600.75,597.05,4.96,6.29,HOLD
2026-04-17,SOXX,405.95,74.7,349.53,298.3,7.22,19.31,HOLD
2026-04-17,SPY,701.66,70.4,673.36,662.72,3.2,4.89,HOLD
2026-04-17,TSM,363.35,55.4,352.82,295.56,-0.59,5.02,BUY
2026-04-17,U11.SI,37.5,58.9,37.23,35.74,0.29,0.78,WATCH
2026-04-17,WRD,8.04,59.6,7.23,8.8,5.93,24.84,HOLD
2026-04-17,^TNX,4.31,53.1,4.21,4.19,0.37,2.55,WATCH
2026-04-17,^VIX,17.94,37.9,22.52,18.19,-7.95,-19.8,CAUTION
2026-04-20,AMD,278.39,80.2,212.13,202.45,13.61,39.57,HOLD
2026-04-20,AMZN,250.56,76.6,214.24,225.58,5.11,19.39,HOLD
2026-04-20,ASML,1459.8,55.9,1398.82,1082.6,-1.25,7.72,WATCH
2026-04-20,AVGO,406.54,79.1,333.0,332.07,9.42,28.95,HOLD
2026-04-20,CL=F,82.59,41.9,84.47,67.48,-14.48,-14.25,CAUTION
2026-04-20,D05.SI,57.31,58.0,56.37,52.79,-0.37,1.15,WATCH
2026-04-20,DX-Y.NYB,98.3,42.2,98.7,98.51,-0.07,-0.93,HOLD
2026-04-20,GC=F,4813.3,54.7,4893.33,4187.43,1.08,-1.57,CAUTION
2026-04-20,GOOG,339.4,73.0,306.98,272.55,7.5,10.81,HOLD
2026-04-20,INTC,68.5,78.2,48.99,37.28,9.81,52.12,HOLD
2026-04-20,LITE,894.07,61.9,703.59,340.19,-0.36,27.58,CAUTION
2026-04-20,MSFT,422.79,71.7,392.1,470.44,14.0,7.91,HOLD
2026-04-20,MU,455.07,62.6,406.3,258.06,8.2,-1.4,HOLD
2026-04-20,NVDA,201.68,71.4,183.29,181.76,6.92,11.8,HOLD
2026-04-20,O39.SI,22.72,65.7,21.58,18.81,0.62,5.67,CAUTION
2026-04-20,PLTR,146.39,52.2,143.45,164.23,14.31,-4.18,WATCH
2026-04-20,QQQ,648.85,74.5,601.63,597.57,6.18,9.21,HOLD
2026-04-20,SOXX,415.71,77.1,351.24,299.19,7.53,22.89,HOLD
2026-04-20,SPY,710.14,73.6,673.88,663.21,4.52,7.66,HOLD
2026-04-20,TSM,370.5,58.6,353.74,296.3,-0.03,9.11,BUY
2026-04-20,U11.SI,37.43,57.0,37.21,35.76,0.03,0.73,WATCH
2026-04-20,WRD,8.21,61.9,7.25,8.8,9.47,31.15,HOLD
2026-04-20,^TNX,4.25,46.4,4.21,4.19,-1.64,-0.31,WATCH
2026-04-20,^VIX,17.48,37.0,22.5,18.2,-9.1,-30.33,CAUTION
2026-04-21,AMD,274.95,76.9,213.78,203.13,11.39,33.95,HOLD
2026-04-21,AMZN,248.28,73.1,214.76,225.73,3.5,18.93,HOLD
2026-04-21,ASML,1476.5,57.4,1401.38,1086.01,-1.58,8.06,CAUTION
2026-04-21,AVGO,399.63,74.0,334.8,332.72,5.24,25.21,HOLD
2026-04-21,CL=F,86.53,44.8,85.45,67.69,-5.2,-11.99,WATCH
2026-04-21,D05.SI,57.26,57.4,56.33,52.85,-0.59,1.18,WATCH
2026-04-21,DX-Y.NYB,98.15,40.2,98.7,98.51,0.03,-1.51,CAUTION
2026-04-21,GC=F,4811.1,52.0,4889.43,4202.2,-0.29,5.27,CAUTION
2026-04-21,GOOG,335.4,68.6,307.06,273.33,5.07,9.7,CAUTION
2026-04-21,INTC,65.7,70.2,49.34,37.5,0.8,42.27,HOLD
2026-04-21,LITE,895.11,61.9,711.41,344.2,2.75,15.93,CAUTION
2026-04-21,MSFT,418.07,67.4,392.61,470.09,8.77,7.47,CAUTION
2026-04-21,MU,448.42,60.3,407.62,259.7,5.12,0.98,HOLD
2026-04-21,NVDA,202.06,71.6,183.9,181.98,6.73,13.16,HOLD
2026-04-21,O39.SI,22.65,63.6,21.6,18.84,-1.01,5.99,WATCH
2026-04-21,PLTR,145.89,51.7,143.77,164.3,10.21,-6.29,WATCH
2026-04-21,QQQ,646.79,72.8,602.64,598.06,4.76,9.2,HOLD
2026-04-21,SOXX,417.55,77.6,352.98,300.07,6.15,22.74,HOLD
2026-04-21,SPY,708.72,72.2,674.54,663.68,3.3,7.71,HOLD
2026-04-21,TSM,366.24,56.1,354.47,296.97,-0.9,8.1,WATCH
2026-04-21,U11.SI,37.21,51.8,37.18,35.77,-1.04,0.08,HOLD
2026-04-21,WRD,8.21,61.9,7.27,8.8,8.03,31.78,HOLD
2026-04-21,^TNX,4.25,46.9,4.21,4.19,-1.09,-0.72,WATCH
2026-04-21,^VIX,18.87,41.6,22.44,18.21,-1.31,-21.57,CAUTION
