policy_id,ticker,entry_date,avg_entry_price,tranches,qty,invested_units,last_close,fx_rate,stop_price,max_dd_pct
v1_flat10,000660_KS,2026-08-07,1420994.1653,2,101.08247846625298,101539,1745000.0,0.0007264274172484875,1246000.0,17.1
v1_flat10,AIXA_DE,2026-08-03,37.1042,2,2355.552667487058,101511,34.15999984741211,1.1469862461090088,32.41,26.0
v1_flat10,AMD,2026-09-17,545.09,1,188.3542074550248,102670,545.0900268554688,1.0,495.03,4.3
v1_flat10,ASML,2026-09-16,1615.9051,2,63.1844053338087,102100,1629.6700439453125,1.0,1530.64,2.8
v1_flat10,BE,2026-08-11,211.21,1,240.29164521904175,50752,280.760009765625,1.0,182.06,26.6
v1_flat10,INTC,2026-09-17,108.8,1,514.6231473299154,55991,108.80000305175781,1.0,97.2,6.0
v1_flat10,MSFT,2026-06-30,378.6221,2,270.18758091593827,102299,497.75,1.0,355.51,7.1
v1_flat10,NOK,2026-08-03,9.36,2,10711.432016824609,100259,10.600000381469727,1.0,7.79,14.3
v1_flat10,NVDA,2026-08-05,219.22,1,230.18885010039116,50462,219.33999633789062,1.0,205.65,10.9
v1_flat10,O39_SI,2026-04-27,21.6,1,2989.9510680966364,50570,31.280000686645508,0.7825889587402344,21.13,6.4
v1_flat10,TSM,2026-04-20,365.3843,1,273.68444087082236,100000,430.260009765625,1.0,353.74,22.2
v1_ladder10,000660_KS,2026-08-07,1420994.1657,2,100.51006391118928,100964,1745000.0,0.0007264274172484875,1246000.0,17.1
v1_ladder10,AIXA_DE,2026-08-03,37.1042,2,2341.955286438955,100925,34.15999984741211,1.1469862461090088,32.41,26.0
v1_ladder10,AMD,2026-09-17,545.09,1,93.64324695952358,51044,545.0900268554688,1.0,495.03,4.3
v1_ladder10,ASML,2026-09-16,1615.905,2,62.82671511500763,101522,1629.6700439453125,1.0,1530.64,2.8
v1_ladder10,BE,2026-08-11,211.21,1,238.93754271012295,50466,280.760009765625,1.0,182.06,26.6
v1_ladder10,INTC,2026-09-17,108.8,1,939.0992383648581,102174,108.80000305175781,1.0,97.2,6.0
v1_ladder10,MSFT,2026-06-30,378.637,2,272.5829921184144,103210,497.75,1.0,355.51,7.1
v1_ladder10,NOK,2026-08-03,9.36,2,10649.786715418173,99682,10.600000381469727,1.0,7.79,14.3
v1_ladder10,NVDA,2026-08-05,219.22,1,228.87510136215423,50174,219.33999633789062,1.0,205.65,10.9
v1_ladder10,O39_SI,2026-04-27,21.6,1,2989.9510680966364,50570,31.280000686645508,0.7825889587402344,21.13,6.4
v1_ladder10,TSM,2026-04-20,365.3843,1,273.68444087082236,100000,430.260009765625,1.0,353.74,22.2
v1_nostop10,AIXA_DE,2026-08-03,37.48,1,1161.232609351733,50243,34.15999984741211,1.1469862461090088,32.41,26.0
v1_nostop10,ASML,2026-04-23,1414.7101,1,71.09513193414101,100579,1629.6700439453125,1.0,1402.66,23.4
v1_nostop10,AXTI,2026-06-23,77.91,1,701.5530410837637,54658,67.75,1.0,76.0,58.5
v1_nostop10,BE,2026-06-11,248.88,1,409.8159675303177,101995,280.760009765625,1.0,216.04,55.2
v1_nostop10,GOOG,2026-06-11,356.56,1,286.05284019063043,101995,343.67999267578125,1.0,319.12,15.9
v1_nostop10,LITE,2026-07-31,713.94,1,68.96097687710206,49234,893.6099853515625,1.0,680.43,21.5
v1_nostop10,MSFT,2026-06-04,422.2897,2,248.41711466272739,104904,497.75,1.0,405.62,19.9
v1_nostop10,NOK,2026-08-03,9.36,1,3256.5172134654335,30481,10.600000381469727,1.0,7.79,14.3
v1_nostop10,NVDA,2026-06-11,204.87,1,497.8523084439863,101995,219.33999633789062,1.0,194.51,11.4
v1_nostop10,O39_SI,2026-04-27,21.6,1,2989.359818132607,50560,31.280000686645508,0.7825889587402344,21.13,6.4
v1_nostop10,SITM,2026-06-17,677.21,1,77.73806986294962,52645,598.5999755859375,1.0,633.32,39.4
v1_nostop10,TSM,2026-04-20,365.3843,1,273.68444087082236,100000,430.260009765625,1.0,353.74,22.2
v1_nostop10,U11_SI,2026-04-23,36.19,1,1772.7184282204528,50289,41.880001068115234,0.7825889587402344,35.92,10.0
v1_nostop10,WRD,2026-05-04,7.84,1,6431.377425848174,50422,5.599999904632568,1.0,7.3,35.3
v1_soxx_breadth,SOXX,2026-09-11,527.07,1,2218.8760197857337,1169503,519.0999755859375,1.0,0.0,6.8
v1_soxx_trend,SOXX,2026-04-20,417.3518,1,2396.060072314684,1000000,519.0999755859375,1.0,0.0,29.3
v1_soxx_vol,SOXX,2026-04-20,507.4041,47,1346.920650292359,683434,519.0999755859375,1.0,0.0,29.3
v1_soxx_vol,SPY,2026-04-20,740.7557,37,676.3594934748528,501017,762.5999755859375,1.0,0.0,5.5
v1_tc_any_100,AMD,2026-09-17,545.09,1,189.4347629063836,103259,545.0900268554688,1.0,495.03,4.3
v1_tc_any_100,ASML,2026-09-16,1615.8284,2,63.904061748742805,103258,1629.6700439453125,1.0,1530.64,2.8
v1_tc_any_100,INTC,2026-09-17,108.8,1,949.8804880624522,103347,108.80000305175781,1.0,97.2,6.0
v1_tc_any_33r,000660_KS,2026-08-07,1446519.4503,3,20.147204846995308,20607,1745000.0,0.0007264274172484875,1246000.0,17.1
v1_tc_any_33r,AIXA_DE,2026-08-03,37.0335,2,1334.4577411220898,57464,34.15999984741211,1.1469862461090088,32.41,26.0
v1_tc_any_33r,AMD,2026-09-17,545.09,1,191.36655389158028,104312,545.0900268554688,1.0,495.03,4.3
v1_tc_any_33r,ASML,2026-09-16,1615.8648,2,64.38409773308774,104036,1629.6700439453125,1.0,1530.64,2.8
v1_tc_any_33r,BE,2026-08-11,211.211,1,160.7638318292362,33955,280.760009765625,1.0,182.06,26.6
v1_tc_any_33r,INTC,2026-09-17,108.8,1,959.5679877907252,104401,108.80000305175781,1.0,97.2,6.0
v1_tc_any_33r,MSFT,2026-06-30,378.5988,2,80.31688464392411,30408,497.75,1.0,355.51,7.1
v1_tc_any_33r,NOK,2026-08-03,9.6069,3,7133.957283245226,68536,10.600000381469727,1.0,7.79,14.3
v1_tc_any_33r,NVDA,2026-08-05,219.2358,1,31.210172220303082,6842,219.33999633789062,1.0,205.65,10.9
v1_tc_any_33r,O39_SI,2026-04-27,21.6002,1,897.6662180775661,15183,31.280000686645508,0.7825889587402344,21.13,6.4
v1_tc_any_33r,TSM,2026-04-20,365.4093,1,16.587224669821282,6061,430.260009765625,1.0,353.74,22.2
v1_tc_any_33s,000660_KS,2026-08-07,1421041.5669,2,13.65614299041679,13718,1745000.0,0.0007264274172484875,1246000.0,17.1
v1_tc_any_33s,AIXA_DE,2026-08-03,37.0341,2,1331.0751263777418,57318,34.15999984741211,1.1469862461090088,32.41,26.0
v1_tc_any_33s,AMD,2026-09-17,545.09,1,190.29333667758212,103727,545.0900268554688,1.0,495.03,4.3
v1_tc_any_33s,ASML,2026-09-16,1615.8575,2,64.05824886246498,103509,1629.6700439453125,1.0,1530.64,2.8
v1_tc_any_33s,BE,2026-08-11,211.2122,1,160.88437536027493,33980,280.760009765625,1.0,182.06,26.6
v1_tc_any_33s,INTC,2026-09-17,108.8,1,954.1911497062473,103816,108.80000305175781,1.0,97.2,6.0
v1_tc_any_33s,MSFT,2026-06-30,378.5988,2,80.31688464392411,30408,497.75,1.0,355.51,7.1
v1_tc_any_33s,NOK,2026-08-03,9.36,2,4046.499371394797,37875,10.600000381469727,1.0,7.79,14.3
v1_tc_any_33s,NVDA,2026-08-05,219.2364,1,31.232959661540573,6847,219.33999633789062,1.0,205.65,10.9
v1_tc_any_33s,O39_SI,2026-04-27,21.6002,1,897.6662180775661,15183,31.280000686645508,0.7825889587402344,21.13,6.4
v1_tc_any_33s,TSM,2026-04-20,365.4093,1,16.587224669821282,6061,430.260009765625,1.0,353.74,22.2
v1_tc_any_50r,000660_KS,2026-08-07,1459755.3698,3,6.2036012478369065,6404,1745000.0,0.0007264274172484875,1246000.0,17.1
v1_tc_any_50r,AIXA_DE,2026-08-03,36.9848,2,898.000088863369,38649,34.15999984741211,1.1469862461090088,32.41,26.0
v1_tc_any_50r,AMD,2026-09-17,545.09,1,192.15541440785242,104742,545.0900268554688,1.0,495.03,4.3
v1_tc_any_50r,ASML,2026-09-16,1615.8519,2,64.710756095428,104563,1629.6700439453125,1.0,1530.64,2.8
v1_tc_any_50r,BE,2026-08-11,211.2131,1,119.68656406628618,25279,280.760009765625,1.0,182.06,26.6
v1_tc_any_50r,INTC,2026-09-17,108.8,1,963.5293847384345,104832,108.80000305175781,1.0,97.2,6.0
v1_tc_any_50r,MSFT,2026-06-30,378.5779,2,33.25241239184372,12589,497.75,1.0,355.51,7.1
v1_tc_any_50r,NOK,2026-08-03,9.6815,3,4641.759860846752,44940,10.600000381469727,1.0,7.79,14.3
v1_tc_any_50r,NVDA,2026-08-05,219.2253,1,7.219345822403622,1582,219.33999633789062,1.0,205.65,10.9
v1_tc_any_50r,O39_SI,2026-04-27,21.5986,1,372.74614919777997,6304,31.280000686645508,0.7825889587402344,21.13,6.4
v1_tc_any_50r,TSM,2026-04-20,365.6063,1,2.1381596943032997,781,430.260009765625,1.0,353.74,22.2
v1_tc_any_50s,000660_KS,2026-08-07,1421159.4341,2,3.155699865405967,3170,1745000.0,0.0007264274172484875,1246000.0,17.1
v1_tc_any_50s,AIXA_DE,2026-08-03,36.9864,2,894.1947761135793,38486,34.15999984741211,1.1469862461090088,32.41,26.0
v1_tc_any_50s,AMD,2026-09-17,545.09,1,190.7611493093249,103982,545.0900268554688,1.0,495.03,4.3
v1_tc_any_50s,ASML,2026-09-16,1615.8463,2,64.26787102738322,103847,1629.6700439453125,1.0,1530.64,2.8
v1_tc_any_50s,BE,2026-08-11,211.2064,1,119.82150085476235,25308,280.760009765625,1.0,182.06,26.6
v1_tc_any_50s,INTC,2026-09-17,108.8,1,956.5348996405069,104071,108.80000305175781,1.0,97.2,6.0
v1_tc_any_50s,MSFT,2026-06-30,378.5779,2,33.25241239184372,12589,497.75,1.0,355.51,7.1
v1_tc_any_50s,NOK,2026-08-03,9.3598,2,2024.9600101725264,18954,10.600000381469727,1.0,7.79,14.3
v1_tc_any_50s,NVDA,2026-08-05,219.2401,1,7.227471221500791,1584,219.33999633789062,1.0,205.65,10.9
v1_tc_any_50s,O39_SI,2026-04-27,21.5986,1,372.74614919777997,6304,31.280000686645508,0.7825889587402344,21.13,6.4
v1_tc_any_50s,TSM,2026-04-20,365.6063,1,2.1381596943032997,781,430.260009765625,1.0,353.74,22.2
v1_tc_ext_100,000660_KS,2026-08-07,1420994.9968,2,104.42578932046098,104897,1745000.0,0.0007264274172484875,1246000.0,17.1
v1_tc_ext_100,AIXA_DE,2026-08-03,37.1046,2,2442.536105305114,105260,34.15999984741211,1.1469862461090088,32.41,26.0
v1_tc_ext_100,AMD,2026-09-17,545.09,1,194.8026835357145,106185,545.0900268554688,1.0,495.03,4.3
v1_tc_ext_100,ASML,2026-09-16,1615.8685,2,65.52204015075986,105875,1629.6700439453125,1.0,1530.64,2.8
v1_tc_ext_100,INTC,2026-09-17,108.8,1,976.7922520134799,106275,108.80000305175781,1.0,97.2,6.0
v1_tc_ext_100,O39_SI,2026-04-27,21.6,1,2989.9510680966364,50570,31.280000686645508,0.7825889587402344,21.13,6.4
v1_tc_ext_100_b15,000660_KS,2026-08-07,1420992.9069,2,160.32397121078048,161049,1745000.0,0.0007264274172484875,1246000.0,17.1
v1_tc_ext_100_b15,AIXA_DE,2026-08-03,37.1013,2,3756.987848557901,161900,34.15999984741211,1.1469862461090088,32.41,26.0
v1_tc_ext_100_b15,AMD,2026-09-17,545.09,1,304.377243805255,165913,545.0900268554688,1.0,495.03,4.3
v1_tc_ext_100_b15,ASML,2026-09-16,1615.8876,2,102.23607233497897,165202,1629.6700439453125,1.0,1530.64,2.8
v1_tc_ext_100_b15,INTC,2026-09-17,108.8,1,1526.8841483485237,166125,108.80000305175781,1.0,97.2,6.0
v1_tc_ext_100_b15,O39_SI,2026-04-27,21.6,1,4510.17297560901,76282,31.280000686645508,0.7825889587402344,21.13,6.4
v1_tc_ext_100_b20,000660_KS,2026-08-07,1422803.0848,3,218.57481925450958,219263,1745000.0,0.0007264274172484875,1246000.0,17.1
v1_tc_ext_100_b20,AIXA_DE,2026-08-03,37.48,1,2464.975822554008,106652,34.15999984741211,1.1469862461090088,32.41,26.0
v1_tc_ext_100_b20,AMD,2026-09-17,545.09,1,417.1145843772447,227365,545.0900268554688,1.0,495.03,4.3
v1_tc_ext_100_b20,ASML,2026-09-16,1615.8912,2,140.06450468871503,226329,1629.6700439453125,1.0,1530.64,2.8
v1_tc_ext_100_b20,INTC,2026-09-17,108.8,1,1433.566136260141,155972,108.80000305175781,1.0,97.2,6.0
v1_tc_ext_100_b20,O39_SI,2026-04-27,21.6,1,6047.304632092624,102280,31.280000686645508,0.7825889587402344,21.13,6.4
v1_tc_ext_100_b30,000660_KS,2026-08-07,1423478.1938,2,312.23921038477374,313039,1745000.0,0.0007264274172484875,1246000.0,17.1
v1_tc_ext_100_b30,AIXA_DE,2026-08-03,37.48,1,3644.906303867319,157704,34.15999984741211,1.1469862461090088,32.41,26.0
v1_tc_ext_100_b30,AMD,2026-09-17,545.09,1,341.1638276942991,185965,545.0900268554688,1.0,495.03,4.3
v1_tc_ext_100_b30,ASML,2026-09-16,1602.22,1,103.75354385768159,166236,1629.6700439453125,1.0,1530.64,2.8
v1_tc_ext_100_b30,O39_SI,2026-04-27,21.6,1,9172.356316969977,155135,31.280000686645508,0.7825889587402344,21.13,6.4
v1_tc_ext_100_b30_pr,000660_KS,2026-08-07,1422980.7031,2,150.99527966360043,151241,1745000.0,0.0007264274172484875,1246000.0,17.1
v1_tc_ext_100_b30_pr,AIXA_DE,2026-08-03,37.48,1,3591.8172903991554,155407,34.15999984741211,1.1469862461090088,32.41,26.0
v1_tc_ext_100_b30_pr,AMD,2026-09-17,545.09,1,264.2719420698474,144052,545.0900268554688,1.0,495.03,4.3
v1_tc_ext_100_b30_pr,ASML,2026-09-16,1610.6098,2,144.603613876351,232900,1629.6700439453125,1.0,1530.64,2.8
v1_tc_ext_100_b30_pr,INTC,2026-09-17,108.8,1,1324.0073158037715,144052,108.80000305175781,1.0,97.2,6.0
v1_tc_ext_100_b30_pr,O39_SI,2026-04-27,21.6,1,9172.356316969977,155135,31.280000686645508,0.7825889587402344,21.13,6.4
v1_tc_ext_33r,000660_KS,2026-08-07,1420994.5018,2,102.36484966195766,102827,1745000.0,0.0007264274172484875,1246000.0,17.1
v1_tc_ext_33r,AIXA_DE,2026-08-03,37.1045,2,2389.4701564795732,102973,34.15999984741211,1.1469862461090088,32.41,26.0
v1_tc_ext_33r,AMD,2026-09-17,545.09,1,190.9501089213622,104085,545.0900268554688,1.0,495.03,4.3
v1_tc_ext_33r,ASML,2026-09-16,1615.8902,2,64.12564593387071,103620,1629.6700439453125,1.0,1530.64,2.8
v1_tc_ext_33r,BE,2026-08-11,211.2127,1,163.09222529719452,34447,280.760009765625,1.0,182.06,26.6
v1_tc_ext_33r,INTC,2026-09-17,108.8,1,957.4815907904235,104174,108.80000305175781,1.0,97.2,6.0
v1_tc_ext_33r,MSFT,2026-06-30,378.6159,2,180.59826703464094,68378,497.75,1.0,355.51,7.1
v1_tc_ext_33r,NOK,2026-08-03,9.3601,2,7278.233172946907,68124,10.600000381469727,1.0,7.79,14.3
v1_tc_ext_33r,NVDA,2026-08-05,219.2344,1,46.99875284517138,10303,219.33999633789062,1.0,205.65,10.9
v1_tc_ext_33r,O39_SI,2026-04-27,21.6,1,2989.9510680966364,50570,31.280000686645508,0.7825889587402344,21.13,6.4
v1_tc_ext_33r,TSM,2026-04-20,365.3823,1,122.85694550691213,44890,430.260009765625,1.0,353.74,22.2
v1_tc_ext_33s,000660_KS,2026-08-07,1420994.5018,2,102.36484966195766,102827,1745000.0,0.0007264274172484875,1246000.0,17.1
v1_tc_ext_33s,AIXA_DE,2026-08-03,37.1045,2,2389.4701564795732,102973,34.15999984741211,1.1469862461090088,32.41,26.0
v1_tc_ext_33s,AMD,2026-09-17,545.09,1,190.9501089213622,104085,545.0900268554688,1.0,495.03,4.3
v1_tc_ext_33s,ASML,2026-09-16,1615.8902,2,64.12564593387071,103620,1629.6700439453125,1.0,1530.64,2.8
v1_tc_ext_33s,BE,2026-08-11,211.2127,1,163.09222529719452,34447,280.760009765625,1.0,182.06,26.6
v1_tc_ext_33s,INTC,2026-09-17,108.8,1,957.4815907904235,104174,108.80000305175781,1.0,97.2,6.0
v1_tc_ext_33s,MSFT,2026-06-30,378.6159,2,180.59826703464094,68378,497.75,1.0,355.51,7.1
v1_tc_ext_33s,NOK,2026-08-03,9.3601,2,7278.233172946907,68124,10.600000381469727,1.0,7.79,14.3
v1_tc_ext_33s,NVDA,2026-08-05,219.2344,1,46.99875284517138,10303,219.33999633789062,1.0,205.65,10.9
v1_tc_ext_33s,O39_SI,2026-04-27,21.6,1,2989.9510680966364,50570,31.280000686645508,0.7825889587402344,21.13,6.4
v1_tc_ext_33s,TSM,2026-04-20,365.3823,1,122.85694550691213,44890,430.260009765625,1.0,353.74,22.2
v1_tc_ext_50r,000660_KS,2026-08-07,1420994.6454,2,102.95624949354767,103421,1745000.0,0.0007264274172484875,1246000.0,17.1
v1_tc_ext_50r,AIXA_DE,2026-08-03,37.1046,2,2404.945264069225,103640,34.15999984741211,1.1469862461090088,32.41,26.0
v1_tc_ext_50r,AMD,2026-09-17,545.09,1,192.0710246782047,104696,545.0900268554688,1.0,495.03,4.3
v1_tc_ext_50r,ASML,2026-09-16,1615.8838,2,64.53124729232054,104275,1629.6700439453125,1.0,1530.64,2.8
v1_tc_ext_50r,BE,2026-08-11,211.2114,1,122.43501338945875,25860,280.760009765625,1.0,182.06,26.6
v1_tc_ext_50r,INTC,2026-09-17,108.8,1,963.0973994564337,104785,108.80000305175781,1.0,97.2,6.0
v1_tc_ext_50r,MSFT,2026-06-30,378.6112,2,134.59622224233055,50960,497.75,1.0,355.51,7.1
v1_tc_ext_50r,NOK,2026-08-03,9.36,2,5465.919003907517,51161,10.600000381469727,1.0,7.79,14.3
v1_tc_ext_50r,NVDA,2026-08-05,219.206,1,14.66449220919172,3215,219.33999633789062,1.0,205.65,10.9
v1_tc_ext_50r,O39_SI,2026-04-27,21.6,1,2989.9510680966364,50570,31.280000686645508,0.7825889587402344,21.13,6.4
v1_tc_ext_50r,TSM,2026-04-20,365.3938,1,68.42111021770559,25000,430.260009765625,1.0,353.74,22.2
v1_tc_ext_50s,000660_KS,2026-08-07,1420994.6454,2,102.95624949354767,103421,1745000.0,0.0007264274172484875,1246000.0,17.1
v1_tc_ext_50s,AIXA_DE,2026-08-03,37.1046,2,2404.945264069225,103640,34.15999984741211,1.1469862461090088,32.41,26.0
v1_tc_ext_50s,AMD,2026-09-17,545.09,1,192.0710246782047,104696,545.0900268554688,1.0,495.03,4.3
v1_tc_ext_50s,ASML,2026-09-16,1615.8838,2,64.53124729232054,104275,1629.6700439453125,1.0,1530.64,2.8
v1_tc_ext_50s,BE,2026-08-11,211.2114,1,122.43501338945875,25860,280.760009765625,1.0,182.06,26.6
v1_tc_ext_50s,INTC,2026-09-17,108.8,1,963.0973994564337,104785,108.80000305175781,1.0,97.2,6.0
v1_tc_ext_50s,MSFT,2026-06-30,378.6112,2,134.59622224233055,50960,497.75,1.0,355.51,7.1
v1_tc_ext_50s,NOK,2026-08-03,9.36,2,5465.919003907517,51161,10.600000381469727,1.0,7.79,14.3
v1_tc_ext_50s,NVDA,2026-08-05,219.206,1,14.66449220919172,3215,219.33999633789062,1.0,205.65,10.9
v1_tc_ext_50s,O39_SI,2026-04-27,21.6,1,2989.9510680966364,50570,31.280000686645508,0.7825889587402344,21.13,6.4
v1_tc_ext_50s,TSM,2026-04-20,365.3938,1,68.42111021770559,25000,430.260009765625,1.0,353.74,22.2
v1_tc_rsi_100,000660_KS,2026-08-07,1420995.4199,2,97.58983098751366,98030,1745000.0,0.0007264274172484875,1246000.0,17.1
v1_tc_rsi_100,AIXA_DE,2026-08-03,37.1069,2,2290.952491526735,98730,34.15999984741211,1.1469862461090088,32.41,26.0
v1_tc_rsi_100,AMD,2026-09-17,545.09,1,181.47644448873584,98921,545.0900268554688,1.0,495.03,4.3
v1_tc_rsi_100,ASML,2026-09-16,1615.9088,2,60.85986958311629,98344,1629.6700439453125,1.0,1530.64,2.8
v1_tc_rsi_100,BE,2026-08-11,211.21,1,231.3479401863579,48863,280.760009765625,1.0,182.06,26.6
v1_tc_rsi_100,INTC,2026-09-17,108.8,1,909.963209770337,99004,108.80000305175781,1.0,97.2,6.0
v1_tc_rsi_100,NOK,2026-08-03,9.36,2,10425.534570440517,97583,10.600000381469727,1.0,7.79,14.3
v1_tc_rsi_100,NVDA,2026-08-05,219.22,1,223.3281622451538,48958,219.33999633789062,1.0,205.65,10.9
v1_tc_rsi_33r,000660_KS,2026-08-07,1420994.8021,2,99.68011199473236,100130,1745000.0,0.0007264274172484875,1246000.0,17.1
v1_tc_rsi_33r,AIXA_DE,2026-08-03,37.1053,2,2327.725213303234,100313,34.15999984741211,1.1469862461090088,32.41,26.0
v1_tc_rsi_33r,AMD,2026-09-17,545.09,1,185.42991986679738,101076,545.0900268554688,1.0,495.03,4.3
v1_tc_rsi_33r,ASML,2026-09-16,1615.906,2,62.19916273018387,100508,1629.6700439453125,1.0,1530.64,2.8
v1_tc_rsi_33r,BE,2026-08-11,211.21,1,236.67439236304892,49988,280.760009765625,1.0,182.06,26.6
v1_tc_rsi_33r,INTC,2026-09-17,108.8,1,929.797768037522,101162,108.80000305175781,1.0,97.2,6.0
v1_tc_rsi_33r,MSFT,2026-06-30,378.6163,2,179.51512778555443,67967,497.75,1.0,355.51,7.1
v1_tc_rsi_33r,NOK,2026-08-03,9.36,2,10593.69696977107,99157,10.600000381469727,1.0,7.79,14.3
v1_tc_rsi_33r,NVDA,2026-08-05,219.22,1,227.4838049553408,49869,219.33999633789062,1.0,205.65,10.9
v1_tc_rsi_33r,O39_SI,2026-04-27,21.6002,1,1339.8003254889047,22661,31.280000686645508,0.7825889587402344,21.13,6.4
v1_tc_rsi_33r,TSM,2026-04-20,365.3868,1,183.36857538345095,67000,430.260009765625,1.0,353.74,22.2
v1_tc_rsi_33s,000660_KS,2026-08-07,1420994.8021,2,99.68011199473236,100130,1745000.0,0.0007264274172484875,1246000.0,17.1
v1_tc_rsi_33s,AIXA_DE,2026-08-03,37.1053,2,2327.725213303234,100313,34.15999984741211,1.1469862461090088,32.41,26.0
v1_tc_rsi_33s,AMD,2026-09-17,545.09,1,185.42991986679738,101076,545.0900268554688,1.0,495.03,4.3
v1_tc_rsi_33s,ASML,2026-09-16,1615.906,2,62.19916273018387,100508,1629.6700439453125,1.0,1530.64,2.8
v1_tc_rsi_33s,BE,2026-08-11,211.21,1,236.67439236304892,49988,280.760009765625,1.0,182.06,26.6
v1_tc_rsi_33s,INTC,2026-09-17,108.8,1,929.797768037522,101162,108.80000305175781,1.0,97.2,6.0
v1_tc_rsi_33s,MSFT,2026-06-30,378.6163,2,179.51512778555443,67967,497.75,1.0,355.51,7.1
v1_tc_rsi_33s,NOK,2026-08-03,9.36,2,10593.69696977107,99157,10.600000381469727,1.0,7.79,14.3
v1_tc_rsi_33s,NVDA,2026-08-05,219.22,1,227.4838049553408,49869,219.33999633789062,1.0,205.65,10.9
v1_tc_rsi_33s,O39_SI,2026-04-27,21.6002,1,1339.8003254889047,22661,31.280000686645508,0.7825889587402344,21.13,6.4
v1_tc_rsi_33s,TSM,2026-04-20,365.3868,1,183.36857538345095,67000,430.260009765625,1.0,353.74,22.2
v1_tc_rsi_50r,000660_KS,2026-08-07,1420995.045,2,99.0520602623183,99499,1745000.0,0.0007264274172484875,1246000.0,17.1
v1_tc_rsi_50r,AIXA_DE,2026-08-03,37.1058,2,2315.901671714005,99804,34.15999984741211,1.1469862461090088,32.41,26.0
v1_tc_rsi_50r,AMD,2026-09-17,545.09,1,184.17508127812263,100392,545.0900268554688,1.0,495.03,4.3
v1_tc_rsi_50r,ASML,2026-09-16,1615.9067,2,61.775226327509586,99823,1629.6700439453125,1.0,1530.64,2.8
v1_tc_rsi_50r,BE,2026-08-11,211.21,1,235.06935477380603,49649,280.760009765625,1.0,182.06,26.6
v1_tc_rsi_50r,INTC,2026-09-17,108.8,1,923.5018123317659,100477,108.80000305175781,1.0,97.2,6.0
v1_tc_rsi_50r,MSFT,2026-06-30,378.6117,2,133.37452716305373,50498,497.75,1.0,355.51,7.1
v1_tc_rsi_50r,NOK,2026-08-03,9.36,2,10541.987566164978,98673,10.600000381469727,1.0,7.79,14.3
v1_tc_rsi_50r,NVDA,2026-08-05,219.22,1,226.256727140807,49600,219.33999633789062,1.0,205.65,10.9
v1_tc_rsi_50r,O39_SI,2026-04-27,21.6,1,745.4922983955599,12609,31.280000686645508,0.7825889587402344,21.13,6.4
v1_tc_rsi_50r,TSM,2026-04-20,365.3864,1,136.84222043541118,50000,430.260009765625,1.0,353.74,22.2
v1_tc_rsi_50s,000660_KS,2026-08-07,1420995.045,2,99.0520602623183,99499,1745000.0,0.0007264274172484875,1246000.0,17.1
v1_tc_rsi_50s,AIXA_DE,2026-08-03,37.1058,2,2315.901671714005,99804,34.15999984741211,1.1469862461090088,32.41,26.0
v1_tc_rsi_50s,AMD,2026-09-17,545.09,1,184.17508127812263,100392,545.0900268554688,1.0,495.03,4.3
v1_tc_rsi_50s,ASML,2026-09-16,1615.9067,2,61.775226327509586,99823,1629.6700439453125,1.0,1530.64,2.8
v1_tc_rsi_50s,BE,2026-08-11,211.21,1,235.06935477380603,49649,280.760009765625,1.0,182.06,26.6
v1_tc_rsi_50s,INTC,2026-09-17,108.8,1,923.5018123317659,100477,108.80000305175781,1.0,97.2,6.0
v1_tc_rsi_50s,MSFT,2026-06-30,378.6117,2,133.37452716305373,50498,497.75,1.0,355.51,7.1
v1_tc_rsi_50s,NOK,2026-08-03,9.36,2,10541.987566164978,98673,10.600000381469727,1.0,7.79,14.3
v1_tc_rsi_50s,NVDA,2026-08-05,219.22,1,226.256727140807,49600,219.33999633789062,1.0,205.65,10.9
v1_tc_rsi_50s,O39_SI,2026-04-27,21.6,1,745.4922983955599,12609,31.280000686645508,0.7825889587402344,21.13,6.4
v1_tc_rsi_50s,TSM,2026-04-20,365.3864,1,136.84222043541118,50000,430.260009765625,1.0,353.74,22.2
v1_tc_thesis_100,000660_KS,2026-08-07,1420995.4211,2,102.75851873992164,103222,1745000.0,0.0007264274172484875,1246000.0,17.1
v1_tc_thesis_100,AIXA_DE,2026-08-03,37.106,2,2396.625355369475,103283,34.15999984741211,1.1469862461090088,32.41,26.0
v1_tc_thesis_100,AMD,2026-09-17,545.09,1,190.6877669357182,103942,545.0900268554688,1.0,495.03,4.3
v1_tc_thesis_100,ASML,2026-09-16,1615.8966,2,64.00656912830114,103428,1629.6700439453125,1.0,1530.64,2.8
v1_tc_thesis_100,BE,2026-08-11,211.21,1,243.98938668570457,51533,280.760009765625,1.0,182.06,26.6
v1_tc_thesis_100,INTC,2026-09-17,108.8,1,956.1580614157828,104030,108.80000305175781,1.0,97.2,6.0
v1_tc_thesis_100,MSFT,2026-06-30,378.5747,2,266.4176902255267,100859,497.75,1.0,355.51,7.1
v1_tc_thesis_100,NOK,2026-08-03,9.36,2,10927.88501621705,102285,10.600000381469727,1.0,7.79,14.3
v1_tc_thesis_100,NVDA,2026-08-05,219.22,1,234.72310789833395,51456,219.33999633789062,1.0,205.65,10.9
v1_tc_thesis_33r,000660_KS,2026-08-07,1420994.6472,2,101.92590142124912,102386,1745000.0,0.0007264274172484875,1246000.0,17.1
v1_tc_thesis_33r,AIXA_DE,2026-08-03,37.1049,2,2376.9512480296344,102434,34.15999984741211,1.1469862461090088,32.41,26.0
v1_tc_thesis_33r,AMD,2026-09-17,545.09,1,189.67875929862592,103392,545.0900268554688,1.0,495.03,4.3
v1_tc_thesis_33r,ASML,2026-09-16,1615.9006,2,63.64933483745436,102851,1629.6700439453125,1.0,1530.64,2.8
v1_tc_thesis_33r,BE,2026-08-11,211.21,1,242.2091680026505,51157,280.760009765625,1.0,182.06,26.6
v1_tc_thesis_33r,INTC,2026-09-17,108.8,1,951.1029144987523,103480,108.80000305175781,1.0,97.2,6.0
v1_tc_thesis_33r,MSFT,2026-06-30,378.6066,2,268.9467214055143,101825,497.75,1.0,355.51,7.1
v1_tc_thesis_33r,NOK,2026-08-03,9.36,2,10818.910653245533,101265,10.600000381469727,1.0,7.79,14.3
v1_tc_thesis_33r,NVDA,2026-08-05,219.22,1,232.37843133078607,50942,219.33999633789062,1.0,205.65,10.9
v1_tc_thesis_33r,O39_SI,2026-04-27,21.6003,1,2003.267215624746,33882,31.280000686645508,0.7825889587402344,21.13,6.4
v1_tc_thesis_33r,TSM,2026-04-20,365.385,1,122.85694550691213,44890,430.260009765625,1.0,353.74,22.2
v1_tc_thesis_33s,000660_KS,2026-08-07,1420994.6472,2,101.92590142124912,102386,1745000.0,0.0007264274172484875,1246000.0,17.1
v1_tc_thesis_33s,AIXA_DE,2026-08-03,37.1049,2,2376.9512480296344,102434,34.15999984741211,1.1469862461090088,32.41,26.0
v1_tc_thesis_33s,AMD,2026-09-17,545.09,1,189.67875929862592,103392,545.0900268554688,1.0,495.03,4.3
v1_tc_thesis_33s,ASML,2026-09-16,1615.9006,2,63.64933483745436,102851,1629.6700439453125,1.0,1530.64,2.8
v1_tc_thesis_33s,BE,2026-08-11,211.21,1,242.2091680026505,51157,280.760009765625,1.0,182.06,26.6
v1_tc_thesis_33s,INTC,2026-09-17,108.8,1,951.1029144987523,103480,108.80000305175781,1.0,97.2,6.0
v1_tc_thesis_33s,MSFT,2026-06-30,378.6066,2,268.9467214055143,101825,497.75,1.0,355.51,7.1
v1_tc_thesis_33s,NOK,2026-08-03,9.36,2,10818.910653245533,101265,10.600000381469727,1.0,7.79,14.3
v1_tc_thesis_33s,NVDA,2026-08-05,219.22,1,232.37843133078607,50942,219.33999633789062,1.0,205.65,10.9
v1_tc_thesis_33s,O39_SI,2026-04-27,21.6003,1,2003.267215624746,33882,31.280000686645508,0.7825889587402344,21.13,6.4
v1_tc_thesis_33s,TSM,2026-04-20,365.385,1,122.85694550691213,44890,430.260009765625,1.0,353.74,22.2
v1_tc_thesis_50r,000660_KS,2026-08-07,1420994.8566,2,102.24854615466558,102710,1745000.0,0.0007264274172484875,1246000.0,17.1
v1_tc_thesis_50r,AIXA_DE,2026-08-03,37.1053,2,2384.9717146861644,102780,34.15999984741211,1.1469862461090088,32.41,26.0
v1_tc_thesis_50r,AMD,2026-09-17,545.09,1,190.1484064897089,103648,545.0900268554688,1.0,495.03,4.3
v1_tc_thesis_50r,ASML,2026-09-16,1615.8991,2,63.81400883965947,103117,1629.6700439453125,1.0,1530.64,2.8
v1_tc_thesis_50r,BE,2026-08-11,211.21,1,242.92883087452344,51309,280.760009765625,1.0,182.06,26.6
v1_tc_thesis_50r,INTC,2026-09-17,108.8,1,953.4558556092246,103736,108.80000305175781,1.0,97.2,6.0
v1_tc_thesis_50r,MSFT,2026-06-30,378.5986,2,268.30791866140214,101581,497.75,1.0,355.51,7.1
v1_tc_thesis_50r,NOK,2026-08-03,9.36,2,10860.363646219012,101653,10.600000381469727,1.0,7.79,14.3
v1_tc_thesis_50r,NVDA,2026-08-05,219.22,1,233.24057894025407,51131,219.33999633789062,1.0,205.65,10.9
v1_tc_thesis_50r,O39_SI,2026-04-27,21.5997,1,1494.9755340483182,25285,31.280000686645508,0.7825889587402344,21.13,6.4
v1_tc_thesis_50r,TSM,2026-04-20,365.3909,1,68.42111021770559,25000,430.260009765625,1.0,353.74,22.2
v1_tc_thesis_50s,000660_KS,2026-08-07,1420994.8566,2,102.24854615466558,102710,1745000.0,0.0007264274172484875,1246000.0,17.1
v1_tc_thesis_50s,AIXA_DE,2026-08-03,37.1053,2,2384.9717146861644,102780,34.15999984741211,1.1469862461090088,32.41,26.0
v1_tc_thesis_50s,AMD,2026-09-17,545.09,1,190.1484064897089,103648,545.0900268554688,1.0,495.03,4.3
v1_tc_thesis_50s,ASML,2026-09-16,1615.8991,2,63.81400883965947,103117,1629.6700439453125,1.0,1530.64,2.8
v1_tc_thesis_50s,BE,2026-08-11,211.21,1,242.92883087452344,51309,280.760009765625,1.0,182.06,26.6
v1_tc_thesis_50s,INTC,2026-09-17,108.8,1,953.4558556092246,103736,108.80000305175781,1.0,97.2,6.0
v1_tc_thesis_50s,MSFT,2026-06-30,378.5986,2,268.30791866140214,101581,497.75,1.0,355.51,7.1
v1_tc_thesis_50s,NOK,2026-08-03,9.36,2,10860.363646219012,101653,10.600000381469727,1.0,7.79,14.3
v1_tc_thesis_50s,NVDA,2026-08-05,219.22,1,233.24057894025407,51131,219.33999633789062,1.0,205.65,10.9
v1_tc_thesis_50s,O39_SI,2026-04-27,21.5997,1,1494.9755340483182,25285,31.280000686645508,0.7825889587402344,21.13,6.4
v1_tc_thesis_50s,TSM,2026-04-20,365.3909,1,68.42111021770559,25000,430.260009765625,1.0,353.74,22.2
v1_tc_val_100,000660_KS,2026-08-07,1420994.1653,2,101.08247846625298,101539,1745000.0,0.0007264274172484875,1246000.0,17.1
v1_tc_val_100,AIXA_DE,2026-08-03,37.1042,2,2355.552667487058,101511,34.15999984741211,1.1469862461090088,32.41,26.0
v1_tc_val_100,AMD,2026-09-17,545.09,1,188.3542074550248,102670,545.0900268554688,1.0,495.03,4.3
v1_tc_val_100,ASML,2026-09-16,1615.9051,2,63.1844053338087,102100,1629.6700439453125,1.0,1530.64,2.8
v1_tc_val_100,BE,2026-08-11,211.21,1,240.29164521904175,50752,280.760009765625,1.0,182.06,26.6
v1_tc_val_100,INTC,2026-09-17,108.8,1,514.6231473299154,55991,108.80000305175781,1.0,97.2,6.0
v1_tc_val_100,MSFT,2026-06-30,378.6221,2,270.18758091593827,102299,497.75,1.0,355.51,7.1
v1_tc_val_100,NOK,2026-08-03,9.36,2,10711.432016824609,100259,10.600000381469727,1.0,7.79,14.3
v1_tc_val_100,NVDA,2026-08-05,219.22,1,230.18885010039116,50462,219.33999633789062,1.0,205.65,10.9
v1_tc_val_100,O39_SI,2026-04-27,21.6,1,2989.9510680966364,50570,31.280000686645508,0.7825889587402344,21.13,6.4
v1_tc_val_100,TSM,2026-04-20,365.3843,1,273.68444087082236,100000,430.260009765625,1.0,353.74,22.2
v1_tc_val_33r,000660_KS,2026-08-07,1420994.1653,2,101.08247846625298,101539,1745000.0,0.0007264274172484875,1246000.0,17.1
v1_tc_val_33r,AIXA_DE,2026-08-03,37.1042,2,2355.552667487058,101511,34.15999984741211,1.1469862461090088,32.41,26.0
v1_tc_val_33r,AMD,2026-09-17,545.09,1,188.3542074550248,102670,545.0900268554688,1.0,495.03,4.3
v1_tc_val_33r,ASML,2026-09-16,1615.9051,2,63.1844053338087,102100,1629.6700439453125,1.0,1530.64,2.8
v1_tc_val_33r,BE,2026-08-11,211.21,1,240.29164521904175,50752,280.760009765625,1.0,182.06,26.6
v1_tc_val_33r,INTC,2026-09-17,108.8,1,514.6231473299154,55991,108.80000305175781,1.0,97.2,6.0
v1_tc_val_33r,MSFT,2026-06-30,378.6221,2,270.18758091593827,102299,497.75,1.0,355.51,7.1
v1_tc_val_33r,NOK,2026-08-03,9.36,2,10711.432016824609,100259,10.600000381469727,1.0,7.79,14.3
v1_tc_val_33r,NVDA,2026-08-05,219.22,1,230.18885010039116,50462,219.33999633789062,1.0,205.65,10.9
v1_tc_val_33r,O39_SI,2026-04-27,21.6,1,2989.9510680966364,50570,31.280000686645508,0.7825889587402344,21.13,6.4
v1_tc_val_33r,TSM,2026-04-20,365.3843,1,273.68444087082236,100000,430.260009765625,1.0,353.74,22.2
v1_tc_val_33s,000660_KS,2026-08-07,1420994.1653,2,101.08247846625298,101539,1745000.0,0.0007264274172484875,1246000.0,17.1
v1_tc_val_33s,AIXA_DE,2026-08-03,37.1042,2,2355.552667487058,101511,34.15999984741211,1.1469862461090088,32.41,26.0
v1_tc_val_33s,AMD,2026-09-17,545.09,1,188.3542074550248,102670,545.0900268554688,1.0,495.03,4.3
v1_tc_val_33s,ASML,2026-09-16,1615.9051,2,63.1844053338087,102100,1629.6700439453125,1.0,1530.64,2.8
v1_tc_val_33s,BE,2026-08-11,211.21,1,240.29164521904175,50752,280.760009765625,1.0,182.06,26.6
v1_tc_val_33s,INTC,2026-09-17,108.8,1,514.6231473299154,55991,108.80000305175781,1.0,97.2,6.0
v1_tc_val_33s,MSFT,2026-06-30,378.6221,2,270.18758091593827,102299,497.75,1.0,355.51,7.1
v1_tc_val_33s,NOK,2026-08-03,9.36,2,10711.432016824609,100259,10.600000381469727,1.0,7.79,14.3
v1_tc_val_33s,NVDA,2026-08-05,219.22,1,230.18885010039116,50462,219.33999633789062,1.0,205.65,10.9
v1_tc_val_33s,O39_SI,2026-04-27,21.6,1,2989.9510680966364,50570,31.280000686645508,0.7825889587402344,21.13,6.4
v1_tc_val_33s,TSM,2026-04-20,365.3843,1,273.68444087082236,100000,430.260009765625,1.0,353.74,22.2
v1_tc_val_50r,000660_KS,2026-08-07,1420994.1653,2,101.08247846625298,101539,1745000.0,0.0007264274172484875,1246000.0,17.1
v1_tc_val_50r,AIXA_DE,2026-08-03,37.1042,2,2355.552667487058,101511,34.15999984741211,1.1469862461090088,32.41,26.0
v1_tc_val_50r,AMD,2026-09-17,545.09,1,188.3542074550248,102670,545.0900268554688,1.0,495.03,4.3
v1_tc_val_50r,ASML,2026-09-16,1615.9051,2,63.1844053338087,102100,1629.6700439453125,1.0,1530.64,2.8
v1_tc_val_50r,BE,2026-08-11,211.21,1,240.29164521904175,50752,280.760009765625,1.0,182.06,26.6
v1_tc_val_50r,INTC,2026-09-17,108.8,1,514.6231473299154,55991,108.80000305175781,1.0,97.2,6.0
v1_tc_val_50r,MSFT,2026-06-30,378.6221,2,270.18758091593827,102299,497.75,1.0,355.51,7.1
v1_tc_val_50r,NOK,2026-08-03,9.36,2,10711.432016824609,100259,10.600000381469727,1.0,7.79,14.3
v1_tc_val_50r,NVDA,2026-08-05,219.22,1,230.18885010039116,50462,219.33999633789062,1.0,205.65,10.9
v1_tc_val_50r,O39_SI,2026-04-27,21.6,1,2989.9510680966364,50570,31.280000686645508,0.7825889587402344,21.13,6.4
v1_tc_val_50r,TSM,2026-04-20,365.3843,1,273.68444087082236,100000,430.260009765625,1.0,353.74,22.2
v1_tc_val_50s,000660_KS,2026-08-07,1420994.1653,2,101.08247846625298,101539,1745000.0,0.0007264274172484875,1246000.0,17.1
v1_tc_val_50s,AIXA_DE,2026-08-03,37.1042,2,2355.552667487058,101511,34.15999984741211,1.1469862461090088,32.41,26.0
v1_tc_val_50s,AMD,2026-09-17,545.09,1,188.3542074550248,102670,545.0900268554688,1.0,495.03,4.3
v1_tc_val_50s,ASML,2026-09-16,1615.9051,2,63.1844053338087,102100,1629.6700439453125,1.0,1530.64,2.8
v1_tc_val_50s,BE,2026-08-11,211.21,1,240.29164521904175,50752,280.760009765625,1.0,182.06,26.6
v1_tc_val_50s,INTC,2026-09-17,108.8,1,514.6231473299154,55991,108.80000305175781,1.0,97.2,6.0
v1_tc_val_50s,MSFT,2026-06-30,378.6221,2,270.18758091593827,102299,497.75,1.0,355.51,7.1
v1_tc_val_50s,NOK,2026-08-03,9.36,2,10711.432016824609,100259,10.600000381469727,1.0,7.79,14.3
v1_tc_val_50s,NVDA,2026-08-05,219.22,1,230.18885010039116,50462,219.33999633789062,1.0,205.65,10.9
v1_tc_val_50s,O39_SI,2026-04-27,21.6,1,2989.9510680966364,50570,31.280000686645508,0.7825889587402344,21.13,6.4
v1_tc_val_50s,TSM,2026-04-20,365.3843,1,273.68444087082236,100000,430.260009765625,1.0,353.74,22.2
v1_trail10,AMD,2026-09-17,545.09,1,190.5740242566278,103880,545.0900268554688,1.0,495.03,4.3
v1_trail10,ASML,2026-09-16,1615.8302,2,64.28088986474442,103867,1629.6700439453125,1.0,1530.64,2.8
v1_trail10,INTC,2026-09-17,108.8,1,955.5973996668031,103969,108.80000305175781,1.0,97.2,6.0
v1_trail10,O39_SI,2026-04-27,21.6,1,2989.3006931362042,50559,31.280000686645508,0.7825889587402344,30.0,6.4
v1_wide10,AIXA_DE,2026-08-03,37.48,1,1206.6021058419396,52206,34.15999984741211,1.1469862461090088,30.9,26.0
v1_wide10,ASML,2026-04-23,1414.7101,1,71.09513193414101,100579,1629.6700439453125,1.0,1314.33,23.4
v1_wide10,BE,2026-06-11,248.88,1,415.12374627542823,103316,280.760009765625,1.0,147.23,55.2
v1_wide10,D05_SI,2026-04-23,56.1639,2,2282.4565952445046,100404,76.94000244140625,0.7825889587402344,52.99,5.5
v1_wide10,GOOG,2026-06-11,356.56,1,289.7576865251745,103316,343.67999267578125,1.0,308.38,15.9
v1_wide10,LITE,2026-07-31,713.94,1,72.34361406193777,51649,893.6099853515625,1.0,646.6,21.5
v1_wide10,MSFT,2026-06-30,378.6451,2,283.5214650994257,107354,497.75,1.0,355.51,7.1
v1_wide10,NOK,2026-08-03,9.36,1,5577.564307147942,52206,10.600000381469727,1.0,7.56,14.3
v1_wide10,NVDA,2026-06-11,204.87,1,504.3003000068522,103316,219.33999633789062,1.0,188.79,11.4
v1_wide10,NVTS,2026-08-04,12.69,1,3391.568276056634,43039,11.140000343322754,1.0,9.03,31.3
v1_wide10,O39_SI,2026-04-27,21.6,1,2985.3393183772073,50492,31.280000686645508,0.7825889587402344,20.44,6.4
v1_wide10,TSM,2026-04-20,365.3843,1,273.68444087082236,100000,430.260009765625,1.0,330.99,22.2
v1_wide_ext_100,000660_KS,2026-08-07,1420992.9109,2,112.09408205207993,112601,1745000.0,0.0007264274172484875,1203007.79,17.1
v1_wide_ext_100,AIXA_DE,2026-08-03,37.0992,2,2608.9974979057174,112427,34.15999984741211,1.1469862461090088,30.9,26.0
v1_wide_ext_100,AMD,2026-09-17,545.09,1,211.91178394211911,115511,545.0900268554688,1.0,461.71,4.3
v1_wide_ext_100,ASML,2026-09-16,1615.8619,2,71.3111682681205,115229,1629.6700439453125,1.0,1497.45,2.8
v1_wide_ext_100,D05_SI,2026-04-23,56.1639,2,2282.4565952445046,100404,76.94000244140625,0.7825889587402344,52.99,5.5
v1_wide_ext_100,GOOG,2026-06-11,356.56,1,286.2772063577489,102075,343.67999267578125,1.0,308.38,15.9
v1_wide_ext_100,IFX_DE,2026-08-24,55.6278,2,1792.1122738347015,116325,54.400001525878906,1.1469862461090088,52.2,11.1
v1_wide_ext_100,INTC,2026-09-17,108.8,1,1062.5826907835935,115609,108.80000305175781,1.0,89.59,6.0
v1_wide_ext_100,NVTS,2026-08-04,12.69,1,4355.949710624842,55277,11.140000343322754,1.0,9.03,31.3
v1_wide_ext_100,O39_SI,2026-04-27,21.6,1,2985.3393183772073,50492,31.280000686645508,0.7825889587402344,20.44,6.4
v1_wide_ext_100_all,000660_KS,2026-08-07,1420991.706,2,137.58004470692578,138203,1745000.0,0.0007264274172484875,1203007.79,17.1
v1_wide_ext_100_all,AIXA_DE,2026-08-03,37.0968,2,3202.157224260841,137984,34.15999984741211,1.1469862461090088,30.9,26.0
v1_wide_ext_100_all,AMD,2026-09-17,545.09,1,263.35833151844383,143554,545.0900268554688,1.0,461.71,4.3
v1_wide_ext_100_all,ASML,2026-09-16,1615.8683,2,88.58271318928405,143138,1629.6700439453125,1.0,1497.45,2.8
v1_wide_ext_100_all,D05_SI,2026-04-23,56.1639,2,2741.1558795973015,120582,76.94000244140625,0.7825889587402344,52.99,5.5
v1_wide_ext_100_all,GOOG,2026-06-11,356.56,1,344.9181087112554,122984,343.67999267578125,1.0,308.38,15.9
v1_wide_ext_100_all,IFX_DE,2026-08-24,55.6283,2,2213.446534519823,143675,54.400001525878906,1.1469862461090088,52.2,11.1
v1_wide_ext_100_all,INTC,2026-09-17,108.8,1,1320.772021776872,143700,108.80000305175781,1.0,89.59,6.0
v1_wide_ext_100_all,NVTS,2026-08-04,12.69,1,5328.0537616816655,67613,11.140000343322754,1.0,9.03,31.3
v1_wide_ext_100_all,O39_SI,2026-04-27,21.6,1,3589.3602816296343,60708,31.280000686645508,0.7825889587402344,20.44,6.4
v1_wide_ext_100_b12,000660_KS,2026-08-07,1420991.706,2,137.58004470692578,138203,1745000.0,0.0007264274172484875,1203007.79,17.1
v1_wide_ext_100_b12,AIXA_DE,2026-08-03,37.0967,2,3203.321918176136,138034,34.15999984741211,1.1469862461090088,30.9,26.0
v1_wide_ext_100_b12,AMD,2026-09-17,545.09,1,261.06880146191446,142306,545.0900268554688,1.0,461.71,4.3
v1_wide_ext_100_b12,ASML,2026-09-16,1615.8596,2,87.86902256066965,141984,1629.6700439453125,1.0,1497.45,2.8
v1_wide_ext_100_b12,D05_SI,2026-04-23,56.1639,2,2741.1558795973015,120582,76.94000244140625,0.7825889587402344,52.99,5.5
v1_wide_ext_100_b12,GOOG,2026-06-11,356.56,1,344.9181087112554,122984,343.67999267578125,1.0,308.38,15.9
v1_wide_ext_100_b12,INTC,2026-09-17,108.8,1,1309.2922426871064,142451,108.80000305175781,1.0,89.59,6.0
v1_wide_ext_100_b12,NVTS,2026-08-04,12.69,1,5328.0537616816655,67613,11.140000343322754,1.0,9.03,31.3
v1_wide_ext_100_b12,O39_SI,2026-04-27,21.6,1,3589.3602816296343,60708,31.280000686645508,0.7825889587402344,20.44,6.4
v1_wide_ext_100_b30,AIXA_DE,2026-08-03,37.0996,2,8377.196019413575,360992,34.15999984741211,1.1469862461090088,30.9,26.0
v1_wide_ext_100_b30,ASML,2026-09-16,1602.22,1,111.84294496177102,179197,1629.6700439453125,1.0,1497.45,2.8
v1_wide_ext_100_b30,D05_SI,2026-04-23,56.1641,2,6902.228657469246,303627,76.94000244140625,0.7825889587402344,52.99,5.5
v1_wide_ext_100_b30,GOOG,2026-06-29,351.28,1,394.79332863221777,138683,343.67999267578125,1.0,312.99,15.9
v1_wide_ext_100_b30,O39_SI,2026-04-27,21.6,1,5116.440688724749,86536,31.280000686645508,0.7825889587402344,20.44,6.4
v1_wide_extthesis_100,000660_KS,2026-08-07,1420994.6794,2,108.45942529034019,108949,1745000.0,0.0007264274172484875,1203007.79,17.1
v1_wide_extthesis_100,AIXA_DE,2026-08-03,37.101,2,2520.253331699164,108605,34.15999984741211,1.1469862461090088,30.9,26.0
v1_wide_extthesis_100,AMD,2026-09-17,545.09,1,204.70746941328028,111584,545.0900268554688,1.0,461.71,4.3
v1_wide_extthesis_100,ASML,2026-09-16,1615.8616,2,68.8889444747956,111315,1629.6700439453125,1.0,1497.45,2.8
v1_wide_extthesis_100,GOOG,2026-06-11,356.56,1,286.2772063577489,102075,343.67999267578125,1.0,308.38,15.9
v1_wide_extthesis_100,IFX_DE,2026-08-24,55.6266,2,1721.2491738880653,111723,54.400001525878906,1.1469862461090088,52.2,11.1
v1_wide_extthesis_100,INTC,2026-09-17,108.8,1,1026.4613682673576,111679,108.80000305175781,1.0,89.59,6.0
v1_wide_extthesis_100,NVTS,2026-08-04,12.69,1,4230.26018716216,53682,11.140000343322754,1.0,9.03,31.3
v1_wide_extthesis_100_all,000660_KS,2026-08-07,1420992.4492,2,169.524995012678,170292,1745000.0,0.0007264274172484875,1203007.79,17.1
v1_wide_extthesis_100_all,AIXA_DE,2026-08-03,37.096,2,3935.94287455242,169602,34.15999984741211,1.1469862461090088,30.9,26.0
v1_wide_extthesis_100_all,AMD,2026-09-17,545.09,1,323.7850470648898,176492,545.0900268554688,1.0,461.71,4.3
v1_wide_extthesis_100_all,ASML,2026-09-16,1615.878,2,108.83061775693889,175857,1629.6700439453125,1.0,1497.45,2.8
v1_wide_extthesis_100_all,GOOG,2026-06-11,356.56,1,433.7278468109319,154650,343.67999267578125,1.0,308.38,15.9
v1_wide_extthesis_100_all,IFX_DE,2026-08-24,55.6275,2,2724.237460939998,176828,54.400001525878906,1.1469862461090088,52.2,11.1
v1_wide_extthesis_100_all,INTC,2026-09-17,108.8,1,1624.2370867943177,176717,108.80000305175781,1.0,89.59,6.0
v1_wide_extthesis_100_all,NVTS,2026-08-04,12.69,1,6566.1940705504085,83325,11.140000343322754,1.0,9.03,31.3
v1_wide_extthesis_100_b15,000660_KS,2026-08-07,1420992.4492,2,169.524995012678,170292,1745000.0,0.0007264274172484875,1203007.79,17.1
v1_wide_extthesis_100_b15,AIXA_DE,2026-08-03,37.0959,2,3936.9445113195743,169645,34.15999984741211,1.1469862461090088,30.9,26.0
v1_wide_extthesis_100_b15,AMD,2026-09-17,545.09,1,321.0772374788022,175016,545.0900268554688,1.0,461.71,4.3
v1_wide_extthesis_100_b15,ASML,2026-09-16,1615.8669,2,108.00827800809921,174527,1629.6700439453125,1.0,1497.45,2.8
v1_wide_extthesis_100_b15,GOOG,2026-06-11,356.56,1,433.7278468109319,154650,343.67999267578125,1.0,308.38,15.9
v1_wide_extthesis_100_b15,INTC,2026-09-17,108.8,1,1610.6525283518251,175239,108.80000305175781,1.0,89.59,6.0
v1_wide_extthesis_100_b15,NVTS,2026-08-04,12.69,1,6566.1940705504085,83325,11.140000343322754,1.0,9.03,31.3
v1_wide_extthesis_100_b15_fees,000660_KS,2026-08-07,1421276.7201,2,169.09801209194706,169897,1745000.0,0.0007264274172484875,1203007.79,17.1
v1_wide_extthesis_100_b15_fees,AIXA_DE,2026-08-03,37.1145,2,3925.996738130182,169258,34.15999984741211,1.1469862461090088,30.9,26.0
v1_wide_extthesis_100_b15_fees,AMD,2026-09-17,545.199,1,320.0665915409674,174500,545.0900268554688,1.0,461.71,4.3
v1_wide_extthesis_100_b15_fees,ASML,2026-09-16,1616.1899,2,107.66927572078762,174014,1629.6700439453125,1.0,1497.45,2.8
v1_wide_extthesis_100_b15_fees,GOOG,2026-06-11,356.6313,1,433.21490811178444,154498,343.67999267578125,1.0,308.38,15.9
v1_wide_extthesis_100_b15_fees,INTC,2026-09-17,108.8218,1,1605.5979530116397,174724,108.80000305175781,1.0,89.59,6.0
v1_wide_extthesis_100_b15_fees,NVTS,2026-08-04,12.6963,1,6548.735305265624,83145,11.140000343322754,1.0,9.03,31.3
v1_wide_extthesis_100_b15_lc,000660_KS,2026-08-07,1420997.5637,2,171.22344848939923,171994,1745000.0,0.0007264274172484875,1203007.79,17.1
v1_wide_extthesis_100_b15_lc,AMD,2026-09-17,545.09,1,338.53673871917886,184533,545.0900268554688,1.0,461.71,4.3
v1_wide_extthesis_100_b15_lc,ASML,2026-09-16,1615.8671,2,113.87941722729953,184014,1629.6700439453125,1.0,1497.45,2.8
v1_wide_extthesis_100_b15_lc,GOOG,2026-06-11,356.56,1,434.5804382459822,154954,343.67999267578125,1.0,308.38,15.9
v1_wide_extthesis_100_b15_lc,IFX_DE,2026-08-24,55.6289,2,2769.0506173249287,179741,54.400001525878906,1.1469862461090088,52.2,11.1
v1_wide_extthesis_100_b15_lc,INTC,2026-09-17,108.8,1,1698.2352464834312,184768,108.80000305175781,1.0,89.59,6.0
v1_wide_extthesis_100_b15_lev,000660_KS,2026-08-07,1420992.4492,2,169.524995012678,170292,1745000.0,0.0007264274172484875,1423260.3665715568,17.1
v1_wide_extthesis_100_b15_lev,AIXA_DE,2026-08-03,37.0959,2,3936.9445113195743,169645,34.15999984741211,1.1469862461090088,30.9,26.0
v1_wide_extthesis_100_b15_lev,AMD,2026-09-17,545.09,1,321.0772374788022,175016,545.0900268554688,1.0,461.71,4.3
v1_wide_extthesis_100_b15_lev,ASML,2026-09-16,1615.8669,2,108.00827800809921,174527,1629.6700439453125,1.0,1497.45,2.8
v1_wide_extthesis_100_b15_lev,GOOG,2026-06-11,356.56,1,433.7278468109319,154650,343.67999267578125,1.0,308.38,15.9
v1_wide_extthesis_100_b15_lev,INTC,2026-09-17,108.8,1,1610.6525283518251,175239,108.80000305175781,1.0,89.59,6.0
v1_wide_extthesis_100_b15_lev,NVTS,2026-08-04,12.69,1,6566.1940705504085,83325,11.140000343322754,1.0,9.03,31.3
v1_wide_extthesis_100_b15_pr,000660_KS,2026-08-07,1420992.4492,2,169.524995012678,170292,1745000.0,0.0007264274172484875,1203007.79,17.1
v1_wide_extthesis_100_b15_pr,AIXA_DE,2026-08-03,37.2008,2,3026.247045071866,130549,34.15999984741211,1.1469862461090088,30.9,26.0
v1_wide_extthesis_100_b15_pr,AMD,2026-09-17,545.09,1,321.9981862675664,175518,545.0900268554688,1.0,461.71,4.3
v1_wide_extthesis_100_b15_pr,ASML,2026-09-16,1615.8648,2,108.33455790677935,175054,1629.6700439453125,1.0,1497.45,2.8
v1_wide_extthesis_100_b15_pr,GOOG,2026-06-11,356.56,1,433.7278468109319,154650,343.67999267578125,1.0,308.38,15.9
v1_wide_extthesis_100_b15_pr,IFX_DE,2026-08-24,54.16,1,779.7073114381337,49330,54.400001525878906,1.1469862461090088,52.2,11.1
v1_wide_extthesis_100_b15_pr,INTC,2026-09-17,108.8,1,1615.2848811630674,175743,108.80000305175781,1.0,89.59,6.0
v1_wide_extthesis_100_b15_pr,NVTS,2026-08-04,12.69,1,6566.1940705504085,83325,11.140000343322754,1.0,9.03,31.3
v1_wide_extthesis_100_b15_rot,000660_KS,2026-08-07,1420992.4492,2,169.524995012678,170292,1745000.0,0.0007264274172484875,1203007.79,17.1
v1_wide_extthesis_100_b15_rot,AIXA_DE,2026-08-03,37.0959,2,3936.758160293127,169637,34.15999984741211,1.1469862461090088,30.9,26.0
v1_wide_extthesis_100_b15_rot,AMD,2026-09-17,545.09,1,326.6561324322524,178057,545.0900268554688,1.0,461.71,4.3
v1_wide_extthesis_100_b15_rot,ASML,2026-09-16,1615.8899,2,109.70054274616443,177264,1629.6700439453125,1.0,1497.45,2.8
v1_wide_extthesis_100_b15_rot,IFX_DE,2026-08-24,54.16,1,1395.0327854759717,88260,54.400001525878906,1.1469862461090088,52.2,11.1
v1_wide_extthesis_100_b15_rot,INTC,2026-09-17,108.8,1,1638.6396599197483,178284,108.80000305175781,1.0,89.59,6.0
v1_wide_extthesis_100_b15_rot_ow,000660_KS,2026-08-07,1426252.5269,3,150.02744063932647,151272,1745000.0,0.0007264274172484875,1203007.79,17.1
v1_wide_extthesis_100_b15_rot_ow,AIXA_DE,2026-08-03,37.0958,2,3937.689915425363,169677,34.15999984741211,1.1469862461090088,30.9,26.0
v1_wide_extthesis_100_b15_rot_ow,AMD,2026-09-17,545.09,1,321.6954839764387,175353,545.0900268554688,1.0,461.71,4.3
v1_wide_extthesis_100_b15_rot_ow,ASML,2026-09-16,1615.8659,2,108.22371048521478,174875,1629.6700439453125,1.0,1497.45,2.8
v1_wide_extthesis_100_b15_rot_ow,GOOG,2026-06-11,356.56,1,433.7278468109319,154650,343.67999267578125,1.0,308.38,15.9
v1_wide_extthesis_100_b15_rot_ow,IFX_DE,2026-08-24,54.16,1,708.4383013575632,44821,54.400001525878906,1.1469862461090088,52.2,11.1
v1_wide_extthesis_100_b15_rot_ow,INTC,2026-09-17,108.8,1,1613.7591459117457,175577,108.80000305175781,1.0,89.59,6.0
v1_wide_extthesis_100_b15_rot_ow,NVTS,2026-08-04,12.69,1,6566.1940705504085,83325,11.140000343322754,1.0,9.03,31.3
v1_wide_extthesis_100_b15_rot_top20,000660_KS,2026-08-07,1420992.4492,2,169.524995012678,170292,1745000.0,0.0007264274172484875,1203007.79,17.1
v1_wide_extthesis_100_b15_rot_top20,AIXA_DE,2026-08-03,37.096,2,3935.8496990391964,169598,34.15999984741211,1.1469862461090088,30.9,26.0
v1_wide_extthesis_100_b15_rot_top20,AMD,2026-09-17,545.09,1,319.8572555175906,174351,545.0900268554688,1.0,461.71,4.3
v1_wide_extthesis_100_b15_rot_top20,ASML,2026-09-16,1615.8786,2,107.50621972344697,173717,1629.6700439453125,1.0,1497.45,2.8
v1_wide_extthesis_100_b15_rot_top20,GOOG,2026-06-11,356.56,1,433.7278468109319,154650,343.67999267578125,1.0,308.38,15.9
v1_wide_extthesis_100_b15_rot_top20,IFX_DE,2026-08-24,55.6258,2,2724.905110491598,176866,54.400001525878906,1.1469862461090088,52.2,11.1
v1_wide_extthesis_100_b15_rot_top20,INTC,2026-09-17,108.8,1,474.5955749232468,51636,108.80000305175781,1.0,89.59,6.0
v1_wide_extthesis_100_b15_rot_top20,NVTS,2026-08-04,12.69,1,6566.1940705504085,83325,11.140000343322754,1.0,9.03,31.3
v1_wide_extthesis_100_b15_rt,000660_KS,2026-08-07,1420992.4492,2,169.524995012678,170292,1745000.0,0.0007264274172484875,1423260.3665715568,17.1
v1_wide_extthesis_100_b15_rt,AIXA_DE,2026-08-03,37.0959,2,3936.9445113195743,169645,34.15999984741211,1.1469862461090088,30.9,26.0
v1_wide_extthesis_100_b15_rt,AMD,2026-09-17,545.09,1,321.0772374788022,175016,545.0900268554688,1.0,461.71,4.3
v1_wide_extthesis_100_b15_rt,ASML,2026-09-16,1615.8669,2,108.00827800809921,174527,1629.6700439453125,1.0,1497.45,2.8
v1_wide_extthesis_100_b15_rt,GOOG,2026-06-11,356.56,1,433.7278468109319,154650,343.67999267578125,1.0,308.38,15.9
v1_wide_extthesis_100_b15_rt,INTC,2026-09-17,108.8,1,1610.6525283518251,175239,108.80000305175781,1.0,89.59,6.0
v1_wide_extthesis_100_b15_rt,NVTS,2026-08-04,12.69,1,6566.1940705504085,83325,11.140000343322754,1.0,9.03,31.3
v1_wide_extthesis_100_b15_spy,000660_KS,2026-08-07,1420992.5096,2,176.89967916908688,177700,1745000.0,0.0007264274172484875,1203007.79,17.1
v1_wide_extthesis_100_b15_spy,AIXA_DE,2026-08-03,37.0948,2,4094.2446212073364,176421,34.15999984741211,1.1469862461090088,30.9,26.0
v1_wide_extthesis_100_b15_spy,AMD,2026-09-17,545.09,1,335.03089582011825,182622,545.0900268554688,1.0,461.71,4.3
v1_wide_extthesis_100_b15_spy,ASML,2026-09-16,1615.8997,2,112.43147994367936,181678,1629.6700439453125,1.0,1497.45,2.8
v1_wide_extthesis_100_b15_spy,GOOG,2026-06-11,356.56,1,444.4020672115941,158456,343.67999267578125,1.0,308.38,15.9
v1_wide_extthesis_100_b15_spy,INTC,2026-09-17,108.8,1,1680.643335212165,182854,108.80000305175781,1.0,89.59,6.0
v1_wide_extthesis_100_b15_spy,NVTS,2026-08-04,12.69,1,6843.341439840847,86842,11.140000343322754,1.0,9.03,31.3
v1_wide_extthesis_100_b15_spy_fees,000660_KS,2026-08-07,1421276.7713,2,176.4542963324315,177288,1745000.0,0.0007264274172484875,1203007.79,17.1
v1_wide_extthesis_100_b15_spy_fees,AIXA_DE,2026-08-03,37.1134,2,4082.8468102411425,176018,34.15999984741211,1.1469862461090088,30.9,26.0
v1_wide_extthesis_100_b15_spy_fees,AMD,2026-09-17,545.199,1,333.9789416661149,182085,545.0900268554688,1.0,461.71,4.3
v1_wide_extthesis_100_b15_spy_fees,ASML,2026-09-16,1616.2228,2,112.0792286269511,181145,1629.6700439453125,1.0,1497.45,2.8
v1_wide_extthesis_100_b15_spy_fees,GOOG,2026-06-11,356.6313,1,443.875778030107,158300,343.67999267578125,1.0,308.38,15.9
v1_wide_extthesis_100_b15_spy_fees,INTC,2026-09-17,108.8218,1,1675.3817884044329,182318,108.80000305175781,1.0,89.59,6.0
v1_wide_extthesis_100_b15_spy_fees,NVTS,2026-08-04,12.6963,1,6825.114067502404,86654,11.140000343322754,1.0,9.03,31.3
v1_wide_extthesis_100_b15_tb,000660_KS,2026-08-07,1420992.4409,2,170.48066443558307,171252,1745000.0,0.0007264274172484875,1203007.79,17.1
v1_wide_extthesis_100_b15_tb,AIXA_DE,2026-08-03,37.0959,2,3959.015835833495,170596,34.15999984741211,1.1469862461090088,30.9,26.0
v1_wide_extthesis_100_b15_tb,AMD,2026-09-17,545.09,1,322.9925174299373,176060,545.0900268554688,1.0,461.71,4.3
v1_wide_extthesis_100_b15_tb,ASML,2026-09-16,1615.8673,2,108.6493931354121,175563,1629.6700439453125,1.0,1497.45,2.8
v1_wide_extthesis_100_b15_tb,GOOG,2026-06-11,356.56,1,435.06002092819796,155125,343.67999267578125,1.0,308.38,15.9
v1_wide_extthesis_100_b15_tb,INTC,2026-09-17,108.8,1,1620.2664986703958,176285,108.80000305175781,1.0,89.59,6.0
v1_wide_extthesis_100_b15_tb,NVTS,2026-08-04,12.69,1,6602.364284512396,83784,11.140000343322754,1.0,9.03,31.3
v1_wide_extthesis_100_lev,000660_KS,2026-08-07,1420994.6794,2,108.45942529034019,108949,1745000.0,0.0007264274172484875,1423245.4348755288,17.1
v1_wide_extthesis_100_lev,AIXA_DE,2026-08-03,37.101,2,2520.253331699164,108605,34.15999984741211,1.1469862461090088,30.9,26.0
v1_wide_extthesis_100_lev,AMD,2026-09-17,545.09,1,204.70746941328028,111584,545.0900268554688,1.0,461.71,4.3
v1_wide_extthesis_100_lev,ASML,2026-09-16,1615.8616,2,68.8889444747956,111315,1629.6700439453125,1.0,1497.45,2.8
v1_wide_extthesis_100_lev,GOOG,2026-06-11,356.56,1,286.2772063577489,102075,343.67999267578125,1.0,308.38,15.9
v1_wide_extthesis_100_lev,IFX_DE,2026-08-24,55.6266,2,1721.2491738880653,111723,54.400001525878906,1.1469862461090088,52.2,11.1
v1_wide_extthesis_100_lev,INTC,2026-09-17,108.8,1,1026.4613682673576,111679,108.80000305175781,1.0,89.59,6.0
v1_wide_extthesis_100_lev,NVTS,2026-08-04,12.69,1,4230.26018716216,53682,11.140000343322754,1.0,9.03,31.3
v1_wide_thesis_100,000660_KS,2026-08-07,1420993.5576,2,110.50162124380668,111001,1745000.0,0.0007264274172484875,1203007.79,17.1
v1_wide_thesis_100,AIXA_DE,2026-08-03,37.1016,2,2560.987267757286,110361,34.15999984741211,1.1469862461090088,30.9,26.0
v1_wide_thesis_100,BE,2026-08-11,211.21,1,261.39859971120933,55210,280.760009765625,1.0,157.33,26.6
v1_wide_thesis_100,GOOG,2026-06-11,356.56,1,289.7576865251745,103316,343.67999267578125,1.0,308.38,15.9
v1_wide_thesis_100,IFX_DE,2026-08-24,55.6085,3,1757.6453848717033,114052,54.400001525878906,1.1469862461090088,52.2,11.1
v1_wide_thesis_100,LITE,2026-07-31,713.94,1,74.27795027405293,53030,893.6099853515625,1.0,646.6,21.5
v1_wide_thesis_100,MSFT,2026-06-30,378.5921,2,277.90333666303616,105212,497.75,1.0,355.51,7.1
v1_wide_thesis_100,MU,2026-08-07,912.9432,2,123.18071662893769,112457,977.5,1.0,804.0,14.3
v1_wide_thesis_100,NOK,2026-08-03,9.36,2,11632.158546323153,108877,10.600000381469727,1.0,7.56,14.3
v1_wide_thesis_100,NVDA,2026-06-11,204.87,1,504.3003000068522,103316,219.33999633789062,1.0,188.79,11.4
v1_wide_thesis_100,NVTS,2026-08-04,12.69,1,4305.437494612566,54636,11.140000343322754,1.0,9.03,31.3
v1_wide_thesis_100,SITM,2026-08-28,557.86,1,30.206504216968575,16851,598.5999755859375,1.0,520.02,16.4
v2_starter_b15,000660_KS,2026-08-07,1422000.0,1,82.8354718312584,82818,1745000.0,0.0007264274172484875,1203007.79,17.1
v2_starter_b15,AIXA_DE,2026-08-03,37.48,1,925.5099936086777,40044,34.15999984741211,1.1469862461090088,30.9,26.0
v2_starter_b15,AMD,2026-09-17,545.09,1,316.35875085589066,172444,545.0900268554688,1.0,461.71,4.3
v2_starter_b15,ASML,2026-09-16,1602.22,1,53.687384736723175,86019,1629.6700439453125,1.0,1497.45,2.8
v2_starter_b15,GOOG,2026-06-11,356.56,1,433.0407254241315,154405,343.67999267578125,1.0,308.38,15.9
v2_starter_b15,IFX_DE,2026-08-24,54.16,1,1336.9775461710403,84587,54.400001525878906,1.1469862461090088,52.2,11.1
v2_starter_b15,INTC,2026-09-17,108.8,1,1584.9631908370975,172444,108.80000305175781,1.0,89.59,6.0
v2_starter_b15,NVTS,2026-08-04,12.69,1,3224.507592833509,40919,11.140000343322754,1.0,9.03,31.3
v2_starter_b15_all,000660_KS,2026-08-07,1422284.4,1,82.69390667909853,82693,1745000.0,0.0007264274172484875,1203007.79,17.1
v2_starter_b15_all,AIXA_DE,2026-08-03,37.4987,1,923.7769271996061,39989,34.15999984741211,1.1469862461090088,30.9,26.0
v2_starter_b15_all,AMD,2026-09-17,545.199,1,315.68287146198224,172110,545.0900268554688,1.0,461.71,4.3
v2_starter_b15_all,ASML,2026-09-16,1602.5404,1,53.57368788494398,85854,1629.6700439453125,1.0,1497.45,2.8
v2_starter_b15_all,GOOG,2026-06-11,356.6313,1,432.6260646917824,154288,343.67999267578125,1.0,308.38,15.9
v2_starter_b15_all,IFX_DE,2026-08-24,54.1708,1,1334.4504058256211,84444,54.400001525878906,1.1469862461090088,52.2,11.1
v2_starter_b15_all,INTC,2026-09-17,108.8218,1,1581.5770225775127,172110,108.80000305175781,1.0,89.59,6.0
v2_starter_b15_all,NVTS,2026-08-04,12.6963,1,3218.2491379295616,40860,11.140000343322754,1.0,9.03,31.3
v2_starter_b15_regime_fees,000660_KS,2026-08-07,1422284.4,1,98.05307508131244,98052,1745000.0,0.0007264274172484875,1203007.79,17.1
v2_starter_b15_regime_fees,AIXA_DE,2026-08-03,37.4987,1,1093.4752269122348,47335,34.15999984741211,1.1469862461090088,30.9,26.0
v2_starter_b15_regime_fees,AMD,2026-09-17,545.199,1,374.6558287755936,204262,545.0900268554688,1.0,461.71,4.3
v2_starter_b15_regime_fees,ASML,2026-09-16,1602.5404,1,63.57967578574158,101889,1629.6700439453125,1.0,1497.45,2.8
v2_starter_b15_regime_fees,GOOG,2026-06-11,356.6313,1,550.0246185424743,196156,343.67999267578125,1.0,308.38,15.9
v2_starter_b15_regime_fees,IFX_DE,2026-08-24,54.1708,1,1581.9694327126315,100107,54.400001525878906,1.1469862461090088,52.2,11.1
v2_starter_b15_regime_fees,INTC,2026-09-17,108.8218,1,1877.032629049607,204262,108.80000305175781,1.0,89.59,6.0
v2_starter_b15_regime_fees,NVTS,2026-08-04,12.6963,1,3813.93240347438,48423,11.140000343322754,1.0,9.03,31.3
v2_starter_b15_regime_fees_hyst,000660_KS,2026-08-07,1422284.4,1,90.00298681789542,90002,1745000.0,0.0007264274172484875,1203007.79,17.1
v2_starter_b15_regime_fees_hyst,AIXA_DE,2026-08-03,37.4987,1,1003.0818908415139,43422,34.15999984741211,1.1469862461090088,30.9,26.0
v2_starter_b15_regime_fees_hyst,AMD,2026-09-17,545.199,1,343.83405797757405,187458,545.0900268554688,1.0,461.71,4.3
v2_starter_b15_regime_fees_hyst,ASML,2026-09-16,1602.5404,1,58.35047849177938,93509,1629.6700439453125,1.0,1497.45,2.8
v2_starter_b15_regime_fees_hyst,GOOG,2026-06-11,356.6313,1,515.2183643877825,183743,343.67999267578125,1.0,308.38,15.9
v2_starter_b15_regime_fees_hyst,IFX_DE,2026-08-24,54.1708,1,1451.6754675282223,91862,54.400001525878906,1.1469862461090088,52.2,11.1
v2_starter_b15_regime_fees_hyst,INTC,2026-09-17,108.8218,1,1722.614987498317,187458,108.80000305175781,1.0,89.59,6.0
v2_starter_b15_regime_fees_hyst,NVTS,2026-08-04,12.6963,1,3500.298823757407,44441,11.140000343322754,1.0,9.03,31.3
v2_starter_b15_spy_fees,000660_KS,2026-08-07,1422284.4,1,86.84295217039259,86842,1745000.0,0.0007264274172484875,1203007.79,17.1
v2_starter_b15_spy_fees,AIXA_DE,2026-08-03,37.4987,1,961.223284922744,41610,34.15999984741211,1.1469862461090088,30.9,26.0
v2_starter_b15_spy_fees,AMD,2026-09-17,545.199,1,330.19133415017166,180020,545.0900268554688,1.0,461.71,4.3
v2_starter_b15_spy_fees,ASML,2026-09-16,1602.5404,1,55.67472694088321,89221,1629.6700439453125,1.0,1497.45,2.8
v2_starter_b15_spy_fees,GOOG,2026-06-11,356.6313,1,444.47583751525195,158514,343.67999267578125,1.0,308.38,15.9
v2_starter_b15_spy_fees,IFX_DE,2026-08-24,54.1708,1,1396.7607884480742,88387,54.400001525878906,1.1469862461090088,52.2,11.1
v2_starter_b15_spy_fees,INTC,2026-09-17,108.8218,1,1654.2646888873617,180020,108.80000305175781,1.0,89.59,6.0
v2_starter_b15_spy_fees,NVTS,2026-08-04,12.6963,1,3373.9632482008965,42837,11.140000343322754,1.0,9.03,31.3
v2_starter_b15_tb_fees,000660_KS,2026-08-07,1422284.4,1,83.23891265469634,83238,1745000.0,0.0007264274172484875,1203007.79,17.1
v2_starter_b15_tb_fees,AIXA_DE,2026-08-03,37.4987,1,929.6907258283065,40245,34.15999984741211,1.1469862461090088,30.9,26.0
v2_starter_b15_tb_fees,AMD,2026-09-17,545.199,1,318.2360674243033,173502,545.0900268554688,1.0,461.71,4.3
v2_starter_b15_tb_fees,ASML,2026-09-16,1602.5404,1,54.00175821234948,86540,1629.6700439453125,1.0,1497.45,2.8
v2_starter_b15_tb_fees,GOOG,2026-06-11,356.6313,1,434.1262134046447,154823,343.67999267578125,1.0,308.38,15.9
v2_starter_b15_tb_fees,IFX_DE,2026-08-24,54.1708,1,1343.947879819051,85045,54.400001525878906,1.1469862461090088,52.2,11.1
v2_starter_b15_tb_fees,INTC,2026-09-17,108.8218,1,1594.3685815539109,173502,108.80000305175781,1.0,89.59,6.0
v2_starter_b15_tb_fees,NVTS,2026-08-04,12.6963,1,3238.884998774827,41122,11.140000343322754,1.0,9.03,31.3
v2_starter_b15_tb_fees_full,000660_KS,2026-08-07,1422284.4,1,82.67390645981054,82673,1745000.0,0.0007264274172484875,1203007.79,17.1
v2_starter_b15_tb_fees_full,AIXA_DE,2026-08-03,37.4987,1,1845.3361799134495,79882,34.15999984741211,1.1469862461090088,30.9,26.0
v2_starter_b15_tb_fees_full,AMD,2026-09-17,545.199,1,312.79401827185603,170535,545.0900268554688,1.0,461.71,4.3
v2_starter_b15_tb_fees_full,ASML,2026-09-16,1602.5404,1,53.08571267207066,85072,1629.6700439453125,1.0,1497.45,2.8
v2_starter_b15_tb_fees_full,GOOG,2026-06-11,356.6313,1,433.666354733786,154659,343.67999267578125,1.0,308.38,15.9
v2_starter_b15_tb_fees_full,IFX_DE,2026-08-24,54.1708,1,1335.4617840878166,84508,54.400001525878906,1.1469862461090088,52.2,11.1
v2_starter_b15_tb_fees_full,INTC,2026-09-17,108.8218,1,1567.1038146839587,170535,108.80000305175781,1.0,89.59,6.0
v2_starter_b15_tb_fees_full,NVTS,2026-08-04,12.6963,1,6429.015807232023,81625,11.140000343322754,1.0,9.03,31.3
v2_starter_b15_tb_fees_mc67,000660_KS,2026-08-07,1422284.4,1,83.0509105933892,83050,1745000.0,0.0007264274172484875,1203007.79,17.1
v2_starter_b15_tb_fees_mc67,AIXA_DE,2026-08-03,37.4987,1,1236.4690296921383,53525,34.15999984741211,1.1469862461090088,30.9,26.0
v2_starter_b15_tb_fees_mc67,AMD,2026-09-17,545.199,1,316.4165484626492,172510,545.0900268554688,1.0,461.71,4.3
v2_starter_b15_tb_fees_mc67,ASML,2026-09-16,1602.5404,1,53.6953696835505,86049,1629.6700439453125,1.0,1497.45,2.8
v2_starter_b15_tb_fees_mc67,GOOG,2026-06-11,356.6313,1,433.97199250892993,154768,343.67999267578125,1.0,308.38,15.9
v2_starter_b15_tb_fees_mc67,IFX_DE,2026-08-24,54.1708,1,1341.119181241973,84866,54.400001525878906,1.1469862461090088,52.2,11.1
v2_starter_b15_tb_fees_mc67,INTC,2026-09-17,108.8218,1,1585.243568577213,172509,108.80000305175781,1.0,89.59,6.0
v2_starter_b15_tb_fees_mc67,NVTS,2026-08-04,12.6963,1,4307.617807207676,54691,11.140000343322754,1.0,9.03,31.3
v2_starter_b15_tb_fees_mcstop,000660_KS,2026-08-07,1422284.4,1,83.67691745710337,83676,1745000.0,0.0007264274172484875,1203007.79,17.1
v2_starter_b15_tb_fees_mcstop,AIXA_DE,2026-08-03,37.4987,1,934.6342918694858,40459,34.15999984741211,1.1469862461090088,32.41,26.0
v2_starter_b15_tb_fees_mcstop,AMD,2026-09-17,545.199,1,319.53467571548384,174210,545.0900268554688,1.0,461.71,4.3
v2_starter_b15_tb_fees_mcstop,ASML,2026-09-16,1602.5404,1,54.17148872117498,86812,1629.6700439453125,1.0,1497.45,2.8
v2_starter_b15_tb_fees_mcstop,GOOG,2026-06-11,356.6313,1,434.1262134046447,154823,343.67999267578125,1.0,308.38,15.9
v2_starter_b15_tb_fees_mcstop,IFX_DE,2026-08-24,54.1708,1,1351.0591332251133,85495,54.400001525878906,1.1469862461090088,52.2,11.1
v2_starter_b15_tb_fees_mcstop,INTC,2026-09-17,108.8218,1,1600.8746331022514,174210,108.80000305175781,1.0,89.59,6.0
v2_starter_b15_tb_fees_time,000660_KS,2026-08-07,1422284.4,1,83.23891265469634,83238,1745000.0,0.0007264274172484875,1203007.79,17.1
v2_starter_b15_tb_fees_time,AIXA_DE,2026-08-03,37.4987,1,929.6907258283065,40245,34.15999984741211,1.1469862461090088,30.9,26.0
v2_starter_b15_tb_fees_time,AMD,2026-09-17,545.199,1,320.3362178387125,174647,545.0900268554688,1.0,461.71,4.3
v2_starter_b15_tb_fees_time,ASML,2026-09-16,1602.5404,1,54.31563485183194,87043,1629.6700439453125,1.0,1497.45,2.8
v2_starter_b15_tb_fees_time,IFX_DE,2026-08-24,54.1708,1,1351.3909917173962,85516,54.400001525878906,1.1469862461090088,52.2,11.1
v2_starter_b15_tb_fees_time,INTC,2026-09-17,108.8218,1,1604.881184620721,174646,108.80000305175781,1.0,89.59,6.0
v2_starter_b15_tb_fees_time,NVTS,2026-08-04,12.6963,1,3238.884998774827,41122,11.140000343322754,1.0,9.03,31.3
v2_starter_b15_tb_fees_trail,000660_KS,2026-08-19,1500300.0,1,78.41727209286783,83228,1745000.0,0.0007264274172484875,1606500.0,13.1
v2_starter_b15_tb_fees_trail,AMD,2026-09-17,545.199,1,310.69203366494514,169389,545.0900268554688,1.0,468.7069854736328,4.3
v2_starter_b15_tb_fees_trail,ASML,2026-09-16,1602.5404,1,52.67511460292661,84414,1629.6700439453125,1.0,1497.45,2.8
v2_starter_b15_tb_fees_trail,IFX_DE,2026-08-24,54.1708,1,1334.1501529040318,84425,54.400001525878906,1.1469862461090088,52.2,11.1
v2_starter_b15_tb_fees_trail,INTC,2026-09-17,108.8218,1,1556.5636436021132,169388,108.80000305175781,1.0,94.66450233459473,6.0
v2_starter_b15_tb_fees_trail_loss,000660_KS,2026-08-07,1422284.4,1,82.39990345556504,82399,1745000.0,0.0007264274172484875,1310415.8767405062,17.1
v2_starter_b15_tb_fees_trail_loss,AMD,2026-09-17,545.199,1,312.55373905413757,170404,545.0900268554688,1.0,468.7069854736328,4.3
v2_starter_b15_tb_fees_trail_loss,ASML,2026-09-16,1602.5404,1,52.98524718706733,84911,1629.6700439453125,1.0,1497.45,2.8
v2_starter_b15_tb_fees_trail_loss,IFX_DE,2026-08-24,54.1708,1,1343.0155154835895,84986,54.400001525878906,1.1469862461090088,52.2,11.1
v2_starter_b15_tb_fees_trail_loss,INTC,2026-09-17,108.8218,1,1565.9000113607487,170404,108.80000305175781,1.0,94.66450233459473,6.0
v2_starter_b15_tb_fees_trail_win,000660_KS,2026-08-19,1500300.0,1,79.12674734021162,83981,1745000.0,0.0007264274172484875,1606500.0,13.1
v2_starter_b15_tb_fees_trail_win,AMD,2026-09-17,545.199,1,313.1645251571928,170737,545.0900268554688,1.0,461.71,4.3
v2_starter_b15_tb_fees_trail_win,ASML,2026-09-16,1602.5404,1,53.13688142840776,85154,1629.6700439453125,1.0,1497.45,2.8
v2_starter_b15_tb_fees_trail_win,GOOG,2026-06-11,356.6313,1,434.1262134046447,154823,343.67999267578125,1.0,308.38,15.9
v2_starter_b15_tb_fees_trail_win,IFX_DE,2026-08-24,54.1708,1,1346.3815087624591,85199,54.400001525878906,1.1469862461090088,52.2,11.1
v2_starter_b15_tb_fees_trail_win,INTC,2026-09-17,108.8218,1,1568.9508716913265,170736,108.80000305175781,1.0,89.59,6.0
